d3mIndex,filename,start,end,salience,class
0,100852.mp3,0.0,64.70530600000001,1.0,air_conditioner
1,101729.wav,0.0,84.580021,2.0,air_conditioner
2,119067.aif,0.0,8.466792,1.0,air_conditioner
3,121285.wav,0.0,22.933270999999998,1.0,air_conditioner
4,121286.wav,0.0,34.406667,1.0,air_conditioner
5,127872.wav,0.0,2.498417,1.0,air_conditioner
6,127873.wav,0.0,2.04075,1.0,air_conditioner
7,13230.mp3,0.0,61.257143000000006,1.0,air_conditioner
8,134717.wav,0.0,60.0,1.0,air_conditioner
9,146690.wav,0.0,347.68,1.0,air_conditioner
10,146709.wav,0.0,144.149342,1.0,air_conditioner
11,146714.wav,0.0,120.813424,2.0,air_conditioner
12,146845.wav,0.0,78.866576,1.0,air_conditioner
13,147926.wav,0.0,112.198821,1.0,air_conditioner
14,151977.wav,0.466587,31.121383,1.0,air_conditioner
15,153261.wav,0.0,11.145578,1.0,air_conditioner
16,159761.aiff,0.0,20.0,2.0,air_conditioner
17,162103.wav,0.0,39.793310999999996,1.0,air_conditioner
18,165454.wav,0.0,29.246478999999997,1.0,air_conditioner
19,166942.wav,0.0,34.8,1.0,air_conditioner
20,167464.wav,0.0,52.568526,2.0,air_conditioner
21,170022.mp3,9.04285,16.117551000000002,1.0,air_conditioner
22,170245.wav,0.0,2.3895459999999997,1.0,air_conditioner
23,177621.flac,0.0,299.590958,2.0,air_conditioner
24,177726.flac,0.0,79.5795,2.0,air_conditioner
25,177729.flac,0.0,264.264,2.0,air_conditioner
26,177742.flac,0.0,449.69925,2.0,air_conditioner
27,178686.wav,0.0,153.64518700000005,2.0,air_conditioner
28,184805.mp3,0.0,250.906122,2.0,air_conditioner
29,185709.wav,0.0,20.5,1.0,air_conditioner
30,189023.wav,0.0,30.708,1.0,air_conditioner
31,189981.flac,0.0,38.791043,1.0,air_conditioner
32,189982.flac,0.0,99.799977,1.0,air_conditioner
33,189985.flac,0.0,17.639955,1.0,air_conditioner
34,189986.flac,0.0,5.97,1.0,air_conditioner
35,189987.flac,0.0,13.0,1.0,air_conditioner
37,189989.flac,0.0,9.139977,1.0,air_conditioner
38,189991.flac,0.0,18.08,1.0,air_conditioner
39,195969.wav,283.48561,345.69775400000015,2.0,air_conditioner
40,202516.wav,0.0,26.632396000000004,1.0,air_conditioner
41,202517.wav,0.0,4.037104,1.0,air_conditioner
42,204240.wav,0.0,76.90297,1.0,air_conditioner
43,30204.wav,0.286916,32.086759,1.0,air_conditioner
44,35382.wav,0.997525,7.504455,1.0,air_conditioner
45,47160.wav,0.056394000000000014,13.681161999999999,1.0,air_conditioner
46,50901.wav,1.006702,6.4324330000000005,1.0,air_conditioner
47,50901.wav,9.021096,16.251046,1.0,air_conditioner
48,54383.mp3,0.0,26.226939,1.0,air_conditioner
49,55018.mp3,4.041583,509.57619900000003,1.0,air_conditioner
50,56385.wav,0.0,9.718117999999999,2.0,air_conditioner
51,57320.wav,0.0,101.583197,2.0,air_conditioner
52,58806.mp3,0.0,5.694694,1.0,air_conditioner
53,59277.mp3,0.0,19.100528,1.0,air_conditioner
54,60846.wav,0.0,10.34356,1.0,air_conditioner
55,62461.wav,10.039159,21.525404,1.0,air_conditioner
56,63724.wav,0.0,36.959388,2.0,air_conditioner
57,73524.wav,0.0,295.984762,1.0,air_conditioner
58,74507.wav,0.0,60.433129,1.0,air_conditioner
59,74677.mp3,0.0,274.207347,2.0,air_conditioner
60,75743.mp3,0.0,50.599184,2.0,air_conditioner
61,79089.wav,9.664375,300.40099,2.0,air_conditioner
62,80589.wav,0.0,12.782017999999999,1.0,air_conditioner
63,83502.wav,0.0,31.602086,2.0,air_conditioner
64,85569.aif,0.0,23.681333,1.0,air_conditioner
65,100648.mp3,4.823402,5.471927,2.0,car_horn
66,100648.mp3,8.998279,10.052132,2.0,car_horn
67,100648.mp3,16.699509,17.104837,2.0,car_horn
68,100648.mp3,17.631764,19.253075,2.0,car_horn
69,100648.mp3,25.332994,27.197502000000004,2.0,car_horn
70,107090.wav,25.500254,26.099176,2.0,car_horn
71,107090.wav,29.715744,30.54502,2.0,car_horn
72,117536.wav,31.064967,31.640588,2.0,car_horn
73,118070.wav,0.392887,0.6179640000000001,1.0,car_horn
74,118496.wav,1.394779,1.649762,2.0,car_horn
75,118496.wav,1.963587,2.155369,2.0,car_horn
76,121299.aif,49.966977,50.599470000000004,2.0,car_horn
77,125520.wav,0.175344,1.0382200000000001,1.0,car_horn
78,125520.wav,1.8734099999999998,4.0513650000000005,1.0,car_horn
79,125520.wav,4.572783,5.440273,1.0,car_horn
80,125520.wav,5.841718,6.7092089999999995,1.0,car_horn
81,125520.wav,7.318297999999999,7.885858,1.0,car_horn
82,128465.ogg,7.177949000000001,27.229623999999998,2.0,car_horn
83,132073.aiff,0.940782,2.4042209999999997,2.0,car_horn
84,132073.aiff,2.979144,4.128989,2.0,car_horn
85,132073.aiff,4.41645,4.78231,2.0,car_horn
86,132073.aiff,5.80149,7.787586,2.0,car_horn
87,132073.aiff,8.310243,9.094228,2.0,car_horn
88,132073.aiff,10.871261,12.230169,2.0,car_horn
89,132073.aiff,35.409997,35.775857,2.0,car_horn
90,138465.wav,19.212259,22.962543,2.0,car_horn
91,138468.wav,0.289342,3.890508,2.0,car_horn
92,143115.wav,26.862734000000003,27.466390999999998,2.0,car_horn
93,143115.wav,31.490771000000002,32.698085,2.0,car_horn
94,143115.wav,39.187397,40.394711,2.0,car_horn
95,143115.wav,40.69654,41.149282,2.0,car_horn
96,143115.wav,58.001371999999996,58.35350500000001,2.0,car_horn
97,14524.wav,45.748852,46.598538,2.0,car_horn
98,145577.wav,0.0,1.105569,1.0,car_horn
99,151359.wav,5.038068,5.180168,1.0,car_horn
100,151359.wav,9.100817999999999,9.255836,1.0,car_horn
101,151359.wav,11.322735,11.419621000000001,1.0,car_horn
102,151359.wav,13.777179,13.886982999999999,1.0,car_horn
103,153057.wav,0.284091,1.3831360000000001,1.0,car_horn
104,155129.wav,13.299686999999999,13.403296,1.0,car_horn
105,155129.wav,13.702351,13.860120000000002,1.0,car_horn
106,155129.wav,296.18928,298.38990099999995,2.0,car_horn
107,155130.wav,38.257548,38.430375,1.0,car_horn
108,155130.wav,71.566281,72.244063,1.0,car_horn
109,155234.wav,101.719854,103.833373,2.0,car_horn
110,155283.wav,95.455122,96.061195,2.0,car_horn
111,155283.wav,401.371559,402.010695,2.0,car_horn
112,156091.wav,1.1755950000000002,2.9223,2.0,car_horn
113,156194.wav,0.0,0.25208600000000003,2.0,car_horn
114,161010.wav,123.329283,125.09103400000001,2.0,car_horn
115,161010.wav,147.12408100000005,148.444179,2.0,car_horn
116,161010.wav,148.909412,149.647969,2.0,car_horn
117,161010.wav,274.678649,277.041262,2.0,car_horn
118,162540.wav,1.2556200000000002,1.618235,1.0,car_horn
119,162540.wav,5.888426,6.202331,1.0,car_horn
120,162540.wav,10.207327000000001,10.672773,1.0,car_horn
121,162541.wav,1.271857,1.758951,1.0,car_horn
122,162541.wav,5.8992510000000005,6.34846,1.0,car_horn
123,162541.wav,10.228976,10.667361,1.0,car_horn
124,162702.wav,0.0,0.10596199999999999,1.0,car_horn
125,162702.wav,0.452485,1.298459,2.0,car_horn
126,162703.wav,0.432845,1.592012,2.0,car_horn
127,162728.wav,2.7788060000000003,3.200719,1.0,car_horn
128,164625.wav,0.344326,0.817351,1.0,car_horn
129,164626.wav,0.811901,1.586686,1.0,car_horn
130,164627.wav,0.306819,1.8049979999999999,1.0,car_horn
131,170243.wav,0.08280900000000001,0.186917,1.0,car_horn
132,17074.wav,3.5405269999999995,4.403714,2.0,car_horn
133,17124.wav,0.072751,0.31144099999999997,2.0,car_horn
134,171249.aiff,6.670458999999999,7.433059,2.0,car_horn
135,171249.aiff,11.144995,11.723836,2.0,car_horn
136,171249.aiff,13.294977,13.59818,2.0,car_horn
137,17307.wav,11.275117,11.336696,2.0,car_horn
138,174840.wav,0.89259,3.875029,1.0,car_horn
139,174841.wav,1.0581399999999999,2.870053,1.0,car_horn
140,175842.wav,0.20644200000000001,0.688665,1.0,car_horn
141,175843.wav,0.076205,0.972825,1.0,car_horn
142,175844.wav,0.400001,1.2938129999999999,1.0,car_horn
143,175845.wav,1.667248,2.405537,1.0,car_horn
144,175846.wav,0.143475,1.6353870000000001,1.0,car_horn
145,175847.wav,0.065415,0.881925,1.0,car_horn
146,175848.wav,0.094818,0.632591,1.0,car_horn
147,175849.wav,0.035708,0.554668,1.0,car_horn
148,175850.wav,0.528684,2.269774,1.0,car_horn
149,175851.wav,0.348692,1.791682,1.0,car_horn
150,175852.wav,0.09925199999999999,1.2341389999999999,1.0,car_horn
151,175853.wav,0.077038,0.360623,1.0,car_horn
152,175854.wav,0.060186,0.751776,1.0,car_horn
153,175855.wav,0.16530899999999998,0.712897,1.0,car_horn
154,175856.wav,0.287145,0.555461,1.0,car_horn
155,175856.wav,0.9320440000000001,1.230957,1.0,car_horn
156,175856.wav,3.0314959999999997,4.1565389999999995,1.0,car_horn
157,176003.wav,0.031344,1.1523,1.0,car_horn
158,176631.wav,28.32413,30.302215000000004,2.0,car_horn
159,176634.wav,2.441912,2.7079299999999997,1.0,car_horn
160,176638.wav,4.51208,5.0611690000000005,1.0,car_horn
161,176638.wav,6.7243520000000006,7.520133,1.0,car_horn
162,178115.wav,2.807855,3.269359,2.0,car_horn
163,178402.mp3,0.122098,2.1672439999999997,1.0,car_horn
164,179858.wav,0.627537,0.973626,1.0,car_horn
165,179860.wav,0.257272,1.348884,1.0,car_horn
166,179861.wav,0.16001600000000002,0.691407,1.0,car_horn
167,179862.wav,0.324883,0.70578,1.0,car_horn
168,179863.wav,0.14144500000000002,0.8972889999999999,1.0,car_horn
169,179864.wav,0.36288899999999996,1.166566,1.0,car_horn
170,179865.wav,0.31516900000000003,1.648178,2.0,car_horn
171,179866.wav,0.14543499999999998,0.630933,1.0,car_horn
172,179866.wav,0.913249,1.628663,1.0,car_horn
173,179867.wav,0.025481999999999998,0.566271,1.0,car_horn
174,179868.wav,0.23241900000000001,2.3856319999999998,1.0,car_horn
175,180156.wav,4.837396,7.194528,2.0,car_horn
176,180156.wav,9.639612,11.064445,2.0,car_horn
177,180156.wav,11.345892999999998,11.627342,2.0,car_horn
178,180156.wav,11.856019,12.454097,2.0,car_horn
179,180156.wav,13.386395000000002,14.600142000000002,2.0,car_horn
180,180156.wav,15.796298,17.414627,2.0,car_horn
181,180156.wav,17.977524,21.882622,2.0,car_horn
182,180156.wav,23.747218,23.993485999999997,2.0,car_horn
183,180156.wav,25.488681,26.086759,2.0,car_horn
184,180156.wav,26.403389,26.755198999999998,2.0,car_horn
185,180156.wav,28.654977000000002,30.114990999999996,2.0,car_horn
186,180156.wav,31.029699,31.645366999999997,2.0,car_horn
187,180156.wav,37.221565999999996,37.432653,2.0,car_horn
188,182474.wav,1.26501,2.605597,1.0,car_horn
189,183894.flac,98.082239,98.955375,2.0,car_horn
190,183894.flac,102.15687199999999,103.321053,2.0,car_horn
191,183894.flac,124.494593,127.186761,2.0,car_horn
194,184355.wav,4.08756,4.750408,2.0,car_horn
195,185436.mp3,18.261502,19.677122,2.0,car_horn
196,185436.mp3,84.79565699999998,85.786591,2.0,car_horn
197,185436.mp3,97.394678,99.94279399999999,2.0,car_horn
198,185436.mp3,161.94696399999995,164.636643,2.0,car_horn
199,185436.mp3,191.391867,195.214042,2.0,car_horn
200,185436.mp3,225.508316,226.92393700000002,2.0,car_horn
201,185436.mp3,235.134535,238.107337,2.0,car_horn
202,185436.mp3,249.998548,251.272606,2.0,car_horn
203,18594.flac,11.503499,11.939286,1.0,car_horn
204,18594.flac,12.833291000000001,13.464541,1.0,car_horn
209,18594.flac,77.17582800000002,77.611488,1.0,car_horn
210,187356.wav,20.664779,21.032153,2.0,car_horn
211,187356.wav,23.052709,24.338518,2.0,car_horn
212,187356.wav,28.471474,34.211690000000004,2.0,car_horn
213,187356.wav,37.058838,40.548889,2.0,car_horn
214,187356.wav,48.998488,53.085522,2.0,car_horn
215,187356.wav,64.42819,67.04572900000001,2.0,car_horn
216,187356.wav,79.720127,81.41923100000002,2.0,car_horn
217,18933.wav,25.63924200000001,25.944262,2.0,car_horn
218,19026.wav,0.012822,1.050575,1.0,car_horn
219,199769.mp3,0.8482729999999999,41.413108,1.0,car_horn
220,203956.flac,14.903579,16.239276999999998,1.0,car_horn
221,204765.wav,24.327782,26.496128000000002,2.0,car_horn
222,24074.wav,13.060993,43.412508,1.0,car_horn
223,24076.wav,37.46937,38.460065,1.0,car_horn
224,24076.wav,38.856344,42.009706,1.0,car_horn
225,26176.wav,0.32062199999999996,1.435087,1.0,car_horn
226,26177.wav,0.0,0.246102,2.0,car_horn
227,26177.wav,0.8662780000000001,2.039362,1.0,car_horn
228,26177.wav,2.164053,3.6701949999999997,2.0,car_horn
229,26185.wav,0.007625,0.340057,1.0,car_horn
230,26185.wav,0.4605260000000001,0.817357,1.0,car_horn
231,26186.wav,0.0,0.39210900000000004,1.0,car_horn
232,27068.wav,26.451321999999998,26.66769600000001,2.0,car_horn
233,28808.wav,0.0,27.28857,1.0,car_horn
234,28808.wav,27.28857,33.414286,2.0,car_horn
235,2937.wav,0.0,0.474663,1.0,car_horn
236,29932.wav,181.72522800000002,183.56348899999998,2.0,car_horn
237,29932.wav,280.466103,281.91045099999997,2.0,car_horn
238,32417.wav,0.079235,0.42450299999999996,1.0,car_horn
239,34241.aif,0.693691,1.988582,2.0,car_horn
240,34241.aif,3.6534410000000004,5.08707,2.0,car_horn
241,34241.aif,6.335714,10.081647,1.0,car_horn
242,42101.wav,69.97537,71.293747,2.0,car_horn
243,43802.wav,1.111691,1.2936040000000002,1.0,car_horn
244,43802.wav,2.425507,2.627632,1.0,car_horn
245,43802.wav,8.044597999999999,8.287148,2.0,car_horn
246,43803.wav,2.225494,2.404799,2.0,car_horn
247,44278.wav,6.453018,7.4891039999999975,2.0,car_horn
248,44278.wav,9.944179,10.282033,2.0,car_horn
249,45256.aiff,0.0,0.275708,2.0,car_horn
250,46391.wav,55.73595200000001,61.488061,2.0,car_horn
251,46391.wav,98.48007199999999,99.570989,2.0,car_horn
252,49974.wav,0.0,2.588,1.0,car_horn
253,52102.wav,32.140691,32.564609000000004,2.0,car_horn
254,54086.wav,0.0,1.16194,1.0,car_horn
255,54086.wav,1.524149,2.725537,1.0,car_horn
256,54086.wav,3.066229,4.353687,1.0,car_horn
257,54187.wav,0.189361,13.584563000000001,1.0,car_horn
258,57607.wav,9.765042,10.262624,2.0,car_horn
259,58202.wav,0.0,1.455435,1.0,car_horn
260,65472.wav,86.356413,87.241771,2.0,car_horn
261,66115.wav,16.711448,24.153978,2.0,car_horn
262,68657.wav,0.10460799999999999,0.853333,2.0,car_horn
263,6984.mp3,6.005781,6.444256,2.0,car_horn
264,71309.mp3,0.406025,21.023056,2.0,car_horn
265,71309.mp3,38.797915,39.249054,2.0,car_horn
266,71309.mp3,45.51988,45.835677000000004,2.0,car_horn
267,71439.mp3,0.760605,2.143523,1.0,car_horn
268,71439.mp3,3.699306,3.906744,1.0,car_horn
269,71439.mp3,55.904472,56.83794200000001,2.0,car_horn
270,71439.mp3,58.255433,58.808601,2.0,car_horn
271,72259.mp3,0.0,14.364085000000001,2.0,car_horn
272,72259.mp3,19.211964000000002,22.982537,2.0,car_horn
273,72259.mp3,44.887767,48.119686,2.0,car_horn
274,72259.mp3,51.710707,55.66083100000001,2.0,car_horn
275,72259.mp3,116.52864199999999,129.63586999999998,2.0,car_horn
276,72259.mp3,132.867789,140.049832,2.0,car_horn
277,72259.mp3,143.281751,191.580988,2.0,car_horn
278,72259.mp3,201.635848,205.585971,2.0,car_horn
279,72259.mp3,224.43883300000002,264.29917,2.0,car_horn
280,72259.mp3,268.249294,301.28668999999996,2.0,car_horn
281,72567.mp3,0.0,7.290756,2.0,car_horn
282,72567.mp3,12.731619,15.941728,2.0,car_horn
283,72567.mp3,32.753993,46.954645,2.0,car_horn
284,72567.mp3,49.130990000000004,50.273571000000004,2.0,car_horn
285,72567.mp3,54.68066999999999,74.648636,2.0,car_horn
286,72567.mp3,77.64111,81.61294000000002,2.0,car_horn
287,73168.wav,0.067329,0.724461,1.0,car_horn
288,73168.wav,2.413075,3.452636,1.0,car_horn
289,73168.wav,3.670782,4.524515,1.0,car_horn
290,7389.mp3,0.0,19.091753,2.0,car_horn
291,7389.mp3,68.122848,72.027979,2.0,car_horn
292,7389.mp3,78.753483,90.577353,2.0,car_horn
293,7389.mp3,96.109623,111.9471,2.0,car_horn
294,7389.mp3,160.76124199999995,195.690473,2.0,car_horn
295,77509.mp3,2.9673439999999998,3.5573080000000004,2.0,car_horn
296,82317.wav,10.968053,16.862648999999998,2.0,car_horn
297,83465.wav,1.334117,1.859058,1.0,car_horn
298,83488.wav,2.859771,3.4407699999999997,1.0,car_horn
299,83488.wav,3.788674,4.073956,1.0,car_horn
300,87275.wav,1.337496,1.482876,2.0,car_horn
301,87275.wav,1.613718,1.668236,2.0,car_horn
302,87275.wav,1.817251,1.871768,2.0,car_horn
303,87275.wav,2.2025080000000004,2.264294,2.0,car_horn
304,87275.wav,2.4096740000000003,2.47873,2.0,car_horn
305,87275.wav,2.645917,2.754952,2.0,car_horn
306,89679.wav,20.28993,21.585583,2.0,car_horn
307,89679.wav,22.362975,23.114454000000002,2.0,car_horn
308,94401.wav,106.73752900000001,107.836173,1.0,car_horn
309,94868.wav,0.179042,0.530411,1.0,car_horn
310,94868.wav,1.076489,1.468143,1.0,car_horn
311,94868.wav,2.381256,2.75053,1.0,car_horn
312,9674.flac,1.062597,9.933544,1.0,car_horn
313,99812.wav,38.176254,47.330764,2.0,car_horn
314,99812.wav,89.207778,94.271975,2.0,car_horn
315,99812.wav,159.522205,163.612518,2.0,car_horn
316,99812.wav,181.14243100000002,183.284976,2.0,car_horn
317,99812.wav,242.691902,246.197885,2.0,car_horn
318,99812.wav,253.20985,255.741948,2.0,car_horn
319,99812.wav,332.289233,334.821332,2.0,car_horn
320,100263.wav,0.0,394.650317,1.0,children_playing
321,101382.aif,0.0,97.91875,1.0,children_playing
322,104327.wav,0.0,88.166167,2.0,children_playing
323,104421.mp3,0.0,73.299937,2.0,children_playing
324,104421.mp3,90.152072,103.78449,1.0,children_playing
325,105415.aif,0.0,54.995146,1.0,children_playing
326,108362.wav,0.0,65.60335400000001,1.0,children_playing
327,109703.mp3,0.0,316.873156,2.0,children_playing
328,116423.wav,0.0,13.356122000000001,1.0,children_playing
329,123399.wav,0.0,266.848345,1.0,children_playing
330,129356.wav,0.0,412.018367,2.0,children_playing
331,129750.wav,0.0,135.002268,2.0,children_playing
332,132855.wav,0.0,366.08,2.0,children_playing
333,133090.wav,0.0,161.208254,1.0,children_playing
334,133494.wav,0.0,103.594667,1.0,children_playing
335,135776.wav,0.0,198.816375,2.0,children_playing
336,13579.mp3,1.619075,163.094777,1.0,children_playing
337,137969.aiff,0.0,120.25614499999999,1.0,children_playing
338,137971.aiff,3.919268,29.798252,2.0,children_playing
339,138031.wav,0.0,98.791625,1.0,children_playing
340,142003.wav,0.0,70.0,1.0,children_playing
341,143651.aiff,0.0,139.13396799999998,2.0,children_playing
342,14470.flac,0.0,163.51201799999996,1.0,children_playing
343,151149.wav,0.0,119.426032,2.0,children_playing
344,15356.aif,0.0,12.694717,1.0,children_playing
345,155219.wav,0.0,139.27328799999998,2.0,children_playing
346,155238.wav,0.0,236.924807,2.0,children_playing
347,155262.wav,0.0,256.626939,2.0,children_playing
348,155263.wav,0.0,151.486984,2.0,children_playing
349,155280.wav,2.1128549999999997,37.734848,2.0,children_playing
350,15564.aif,0.0,8.808231,1.0,children_playing
351,156200.wav,0.0,2.440907,1.0,children_playing
352,158593.wav,7.320678,128.196989,2.0,children_playing
353,158597.wav,1.168347,177.004603,2.0,children_playing
354,159439.wav,0.0,69.43379200000001,1.0,children_playing
355,159735.wav,0.0,249.23656200000002,1.0,children_playing
356,160009.wav,0.0,114.267574,1.0,children_playing
357,160010.wav,0.0,153.847528,1.0,children_playing
358,160011.wav,2.084127,78.77999399999999,2.0,children_playing
359,160016.wav,0.0,91.011542,2.0,children_playing
360,161005.mp3,0.0,60.212244999999996,2.0,children_playing
361,162318.flac,0.0,120.0,1.0,children_playing
362,164194.wav,59.864281999999996,122.725828,1.0,children_playing
363,164797.wav,34.169581,141.94966599999995,2.0,children_playing
364,165067.wav,0.0,258.274127,2.0,children_playing
365,165529.wav,0.0,186.24,2.0,children_playing
366,169043.wav,0.0,61.012,1.0,children_playing
367,169044.wav,0.0,56.04666700000001,1.0,children_playing
368,169045.wav,0.0,45.461333,1.0,children_playing
369,17009.wav,0.0,33.671315,1.0,children_playing
370,170564.wav,11.763036,22.863366,2.0,children_playing
371,170564.wav,44.235644,117.050495,2.0,children_playing
372,172593.wav,0.0,64.829887,1.0,children_playing
373,174032.wav,0.0,59.217332999999996,1.0,children_playing
374,174786.wav,0.0,192.501625,1.0,children_playing
375,17480.aif,0.0,100.0,2.0,children_playing
376,174906.flac,0.0,56.14,2.0,children_playing
377,175296.wav,0.0,490.094292,1.0,children_playing
378,175904.wav,0.0,377.086667,1.0,children_playing
379,176714.wav,0.0,169.65599999999995,1.0,children_playing
380,177756.flac,0.0,43.072182,1.0,children_playing
381,178520.wav,0.0,99.672,1.0,children_playing
382,178521.wav,0.0,261.98400000000004,1.0,children_playing
383,178825.wav,0.0,273.965062,1.0,children_playing
384,178826.wav,0.0,115.56418799999999,1.0,children_playing
385,17973.wav,0.0,80.47496600000002,1.0,children_playing
386,182739.wav,0.0,204.71275,1.0,children_playing
387,182800.wav,1.405558,9.053446000000001,1.0,children_playing
388,182800.wav,21.083366,23.687782000000002,1.0,children_playing
389,182800.wav,25.672099,39.355616999999995,1.0,children_playing
390,182800.wav,55.974270999999995,62.38196,1.0,children_playing
391,184449.wav,0.0,72.57600000000002,1.0,children_playing
392,185909.mp3,0.0,270.001633,1.0,children_playing
393,186334.wav,0.0,98.953447,1.0,children_playing
394,187110.wav,0.0,73.48922900000002,1.0,children_playing
395,188497.wav,0.0,52.0,1.0,children_playing
396,190893.mp3,0.0,60.029388,1.0,children_playing
397,190894.mp3,0.0,20.58449,1.0,children_playing
398,192123.mp3,0.0,129.802449,1.0,children_playing
399,192124.mp3,0.0,34.742857,1.0,children_playing
400,192269.wav,0.0,116.011255,1.0,children_playing
401,192382.wav,0.0,219.074604,1.0,children_playing
402,193697.wav,0.0,284.9516040000001,2.0,children_playing
403,193698.wav,0.0,303.036354,2.0,children_playing
404,193699.wav,0.0,241.975292,2.0,children_playing
405,196057.wav,0.0,4.927664,1.0,children_playing
406,196058.wav,0.0,2.797256,1.0,children_playing
407,196059.wav,0.0,6.8911789999999975,1.0,children_playing
408,196060.wav,0.0,1.501723,1.0,children_playing
409,196061.wav,0.0,2.0310200000000003,1.0,children_playing
410,196062.wav,0.0,2.413333,1.0,children_playing
411,196063.wav,0.0,8.509184,1.0,children_playing
412,196064.wav,0.0,1.243741,1.0,children_playing
413,196065.wav,0.0,2.712381,1.0,children_playing
414,196066.wav,0.0,7.1632880000000005,1.0,children_playing
415,196067.wav,0.0,5.70034,1.0,children_playing
416,196068.wav,0.0,6.931066,1.0,children_playing
417,196069.wav,0.0,3.1481630000000003,1.0,children_playing
418,196070.wav,0.0,14.102041,1.0,children_playing
419,196071.wav,0.0,1.333764,1.0,children_playing
420,196072.wav,0.0,2.9857139999999998,1.0,children_playing
421,196073.wav,0.0,3.7887760000000004,1.0,children_playing
422,196074.wav,0.0,2.194671,1.0,children_playing
423,196075.wav,0.0,3.4997050000000005,1.0,children_playing
424,196076.wav,0.0,2.355669,1.0,children_playing
425,196077.wav,0.0,7.44941,1.0,children_playing
426,196078.wav,0.0,2.459478,1.0,children_playing
427,196079.wav,0.0,2.391542,1.0,children_playing
428,196080.wav,0.0,1.254739,1.0,children_playing
429,196081.wav,0.0,2.939683,1.0,children_playing
430,196082.wav,0.0,3.315397,1.0,children_playing
431,196083.wav,0.0,4.467075,1.0,children_playing
432,196084.wav,0.708236,10.35795,1.0,children_playing
433,196085.wav,0.0,13.208865,1.0,children_playing
434,196086.wav,0.0,1.048434,1.0,children_playing
435,196087.wav,0.0,4.0344440000000015,1.0,children_playing
436,196088.wav,0.0,2.140295,1.0,children_playing
437,197554.aiff,10.850495,210.75,1.0,children_playing
438,204067.wav,0.0,93.595562,1.0,children_playing
439,204408.wav,0.0,182.976644,2.0,children_playing
440,204526.wav,0.0,592.830021,1.0,children_playing
441,206037.wav,0.0,121.330068,2.0,children_playing
442,20688.flac,0.0,13.173333,1.0,children_playing
443,207211.wav,0.0,300.0,1.0,children_playing
444,207213.wav,0.0,300.0,2.0,children_playing
445,207214.aiff,0.0,300.0,2.0,children_playing
446,207216.wav,4.554455,300.0,2.0,children_playing
447,27070.wav,0.0,23.719184,2.0,children_playing
448,31150.wav,0.0,101.749841,2.0,children_playing
449,34056.mp3,0.0,181.733878,2.0,children_playing
450,36429.wav,0.0,50.543081,2.0,children_playing
451,46299.wav,0.0,152.788367,2.0,children_playing
452,47019.wav,0.0,152.672154,1.0,children_playing
453,49312.aif,0.0,43.71093,1.0,children_playing
454,49313.aif,0.0,70.242177,1.0,children_playing
455,52882.wav,0.0,26.945306,1.0,children_playing
456,54067.wav,0.0,209.82902099999998,1.0,children_playing
457,54173.wav,3.153856,70.266054,2.0,children_playing
458,54914.wav,0.0,125.906213,2.0,children_playing
459,58857.flac,0.0,66.53458,2.0,children_playing
460,59037.mp3,0.0,19.951171,2.0,children_playing
461,59037.mp3,23.445803,36.534788,2.0,children_playing
462,59037.mp3,60.488901,63.030452000000004,2.0,children_playing
463,59037.mp3,69.702022,72.434189,2.0,children_playing
464,59037.mp3,74.594507,95.81645300000001,2.0,children_playing
465,60591.wav,0.0,37.899840999999995,1.0,children_playing
466,60935.wav,0.0,35.026146000000004,1.0,children_playing
467,61503.wav,0.0,27.876644,1.0,children_playing
468,66619.mp3,18.004678,66.658541,2.0,children_playing
470,69962.wav,0.0,60.0,1.0,children_playing
471,71173.wav,0.0,221.155625,2.0,children_playing
472,72015.wav,0.0,15.296439999999999,2.0,children_playing
473,76221.wav,0.0,25.406032,1.0,children_playing
474,76266.mp3,0.0,190.693878,2.0,children_playing
475,80806.mp3,0.0,25.991837,2.0,children_playing
476,81787.aif,0.0,110.61333300000001,2.0,children_playing
477,81788.aif,0.0,154.026667,2.0,children_playing
478,82368.wav,0.0,69.0,1.0,children_playing
479,84143.wav,0.0,90.387292,2.0,children_playing
480,84359.wav,0.0,22.082653,2.0,children_playing
481,85249.wav,0.0,184.325805,1.0,children_playing
482,88569.wav,0.0,174.0,2.0,children_playing
483,9223.wav,0.0,40.58394600000001,1.0,children_playing
484,97317.mp3,0.0,77.19183699999998,1.0,children_playing
485,97331.mp3,0.0,226.11591800000002,1.0,children_playing
486,99500.wav,0.0,113.260204,2.0,children_playing
487,100032.wav,0.0,0.317551,1.0,dog_bark
488,100652.mp3,0.0,11.911837,1.0,dog_bark
489,100795.mp3,0.19179000000000002,4.463476,1.0,dog_bark
490,100795.mp3,13.059155,21.881495,1.0,dog_bark
491,101281.mp3,0.341333,34.474667,2.0,dog_bark
492,101415.aif,0.0,20.852771,1.0,dog_bark
493,102102.wav,1.573952,4.673824,2.0,dog_bark
494,102103.wav,1.97603,2.508892,2.0,dog_bark
495,102103.wav,4.1796370000000005,4.568182,2.0,dog_bark
496,102104.wav,2.429279,3.2411209999999997,2.0,dog_bark
497,102105.wav,2.041889,7.225822,2.0,dog_bark
498,102106.wav,2.243852,3.8844769999999995,2.0,dog_bark
499,102547.aif,0.0,21.004854,1.0,dog_bark
500,102842.flac,0.0,98.013052,2.0,dog_bark
501,102842.flac,113.06178500000001,166.844649,2.0,dog_bark
502,103076.aif,0.0,2.527184,1.0,dog_bark
503,103076.aif,6.788349,7.7567960000000005,1.0,dog_bark
504,103076.aif,10.265533999999999,10.717475,1.0,dog_bark
505,105088.wav,0.0,52.51752800000001,1.0,dog_bark
506,105319.mp3,0.0,120.97306100000002,2.0,dog_bark
507,107190.wav,0.0,0.794875,1.0,dog_bark
508,108187.wav,3.5587760000000004,4.7966120000000005,2.0,dog_bark
509,108187.wav,10.954842,12.594974,2.0,dog_bark
510,108187.wav,15.751454,16.246588,2.0,dog_bark
511,108187.wav,18.010504,19.093609,2.0,dog_bark
512,108187.wav,24.911435,26.304,2.0,dog_bark
513,108187.wav,28.06791500000001,28.748725,2.0,dog_bark
514,108187.wav,31.5648,33.266824,2.0,dog_bark
515,108187.wav,34.318984,37.04222100000001,2.0,dog_bark
516,109233.mp3,15.452385999999999,33.168,1.0,dog_bark
517,109711.aif,0.0,0.6278520000000001,1.0,dog_bark
518,109711.aif,3.332443,5.69896,1.0,dog_bark
519,109711.aif,12.001624000000001,29.484876,1.0,dog_bark
520,110134.wav,0.0,1.130113,1.0,dog_bark
521,110371.wav,0.290852,9.670838999999999,1.0,dog_bark
522,110371.wav,15.269745,22.577409,1.0,dog_bark
523,110389.wav,0.0,0.552041,1.0,dog_bark
524,110688.wav,0.0,71.126508,2.0,dog_bark
525,110918.wav,0.0,120.99997900000001,1.0,dog_bark
526,112195.mp3,0.0,166.32163300000005,1.0,dog_bark
527,113785.wav,0.25957199999999997,0.703092,1.0,dog_bark
528,113785.wav,0.9912780000000001,1.592177,1.0,dog_bark
529,114280.wav,0.0,6.006354,1.0,dog_bark
530,114587.wav,1.4676120000000001,19.594179999999998,1.0,dog_bark
531,115411.wav,4.352579,5.374102,2.0,dog_bark
532,115411.wav,7.417149,13.168771,2.0,dog_bark
533,115411.wav,15.322853,18.9426,2.0,dog_bark
534,115411.wav,23.161935999999997,28.202933,2.0,dog_bark
535,115535.wav,0.0,0.490667,1.0,dog_bark
536,115536.wav,0.0,2.964396,1.0,dog_bark
537,115537.wav,1.665407,2.340997,1.0,dog_bark
538,116163.wav,0.764195,1.036249,2.0,dog_bark
539,116163.wav,1.351097,1.7576490000000002,2.0,dog_bark
540,116163.wav,2.1397470000000003,3.2585290000000002,1.0,dog_bark
541,116400.flac,0.0,9.072459,1.0,dog_bark
542,116400.flac,12.269801,21.721944,1.0,dog_bark
543,116483.wav,0.0,13.094552,1.0,dog_bark
544,116483.wav,17.555332999999994,25.880754,1.0,dog_bark
545,116484.wav,0.0,36.430068,1.0,dog_bark
546,116485.wav,0.0,18.785385,1.0,dog_bark
547,116485.wav,22.283354,24.269854000000002,1.0,dog_bark
548,116485.wav,27.595083000000002,42.277913,1.0,dog_bark
549,116485.wav,45.905436,54.58558000000001,1.0,dog_bark
550,117048.wav,0.0,81.972472,1.0,dog_bark
551,117072.mp3,1.328188,60.801506,1.0,dog_bark
552,11722.wav,0.08734299999999999,1.345883,1.0,dog_bark
553,11722.wav,2.02081,2.4595119999999997,1.0,dog_bark
554,117271.wav,0.0,10.538413,1.0,dog_bark
555,118072.wav,0.0,1.066667,1.0,dog_bark
556,118101.wav,1.0428709999999999,18.250235,1.0,dog_bark
557,118587.mp3,0.0,85.002449,1.0,dog_bark
558,118961.wav,0.0,0.770312,1.0,dog_bark
559,118962.wav,0.0,2.129854,1.0,dog_bark
560,118963.wav,0.0,0.519479,1.0,dog_bark
561,118964.wav,0.0,1.103896,1.0,dog_bark
562,119420.wav,0.18220699999999998,3.17482,1.0,dog_bark
563,119420.wav,4.9195910000000005,6.752704,1.0,dog_bark
564,121888.wav,0.0,0.749977,1.0,dog_bark
565,122199.aiff,2.538824,8.592941,2.0,dog_bark
566,122199.aiff,14.647059,32.223529,2.0,dog_bark
567,125523.wav,0.0,33.061854,1.0,dog_bark
568,125554.wav,0.572068,2.2208419999999998,1.0,dog_bark
569,125574.wav,0.0,1.45068,1.0,dog_bark
570,125791.aif,0.0,39.675351,1.0,dog_bark
571,12647.flac,0.7121149999999999,1.4437389999999999,1.0,dog_bark
572,12647.flac,1.9022240000000001,3.102089,1.0,dog_bark
573,12647.flac,5.2384319999999995,6.438297,1.0,dog_bark
574,12647.flac,6.6821720000000004,10.72074,1.0,dog_bark
575,126521.aif,2.3219950000000003,70.310023,2.0,dog_bark
576,128030.wav,0.6729510000000001,1.359227,1.0,dog_bark
577,128030.wav,3.851144,4.430814,1.0,dog_bark
578,128030.wav,6.562935,7.08264,1.0,dog_bark
579,128240.aiff,0.0,97.395677,1.0,dog_bark
580,128470.wav,1.711988,24.804376,1.0,dog_bark
581,128891.wav,0.0,29.846327000000002,1.0,dog_bark
582,130030.wav,0.0,2.594667,1.0,dog_bark
583,131199.wav,0.696078,0.990196,1.0,dog_bark
584,13577.mp3,2.313777,18.752608,2.0,dog_bark
585,13577.mp3,24.371779,26.244837,2.0,dog_bark
586,13577.mp3,30.916462,32.040296000000005,2.0,dog_bark
587,13577.mp3,38.673122,39.818992,2.0,dog_bark
588,13577.mp3,46.055171,49.647033,2.0,dog_bark
589,13577.mp3,54.781414,59.54118199999999,2.0,dog_bark
590,13577.mp3,62.141427,63.816159999999996,2.0,dog_bark
591,137803.wav,0.0,9.984,1.0,dog_bark
592,138015.mp3,0.0,23.353469,1.0,dog_bark
593,139948.aiff,1.0662040000000002,4.182799,2.0,dog_bark
594,139948.aiff,5.946136,8.939708,2.0,dog_bark
595,139948.aiff,13.081499,14.39375,2.0,dog_bark
596,139948.aiff,22.636325,23.825552,2.0,dog_bark
597,139948.aiff,28.131373999999997,29.361609,2.0,dog_bark
598,139948.aiff,45.395672999999995,46.420868,2.0,dog_bark
599,142641.wav,1.779107,2.162404,1.0,dog_bark
600,14358.wav,0.0,283.02678,2.0,dog_bark
601,144028.aiff,0.0,1.799509,1.0,dog_bark
602,144028.aiff,4.918658,11.766021,1.0,dog_bark
603,14468.flac,0.837557,19.787294,1.0,dog_bark
604,14468.flac,24.027429,26.173669,1.0,dog_bark
605,14468.flac,30.570846000000003,32.141265999999995,1.0,dog_bark
608,14468.flac,54.127148,63.497322,1.0,dog_bark
609,144885.mp3,0.0,0.26122399999999996,1.0,dog_bark
610,146343.wav,0.0,5.865929,1.0,dog_bark
611,147672.mp3,0.644886,0.997283,1.0,dog_bark
612,147672.mp3,1.726745,2.188385,1.0,dog_bark
613,147672.mp3,3.781219,4.1618080000000015,1.0,dog_bark
614,150341.wav,12.834011,13.322652,1.0,dog_bark
615,150341.wav,15.377819,15.823344,1.0,dog_bark
616,152588.wav,0.386897,2.805001,1.0,dog_bark
617,152588.wav,5.4649160000000006,11.582721000000001,1.0,dog_bark
618,152588.wav,15.645137,17.893974,1.0,dog_bark
619,152588.wav,19.65919,22.464192,1.0,dog_bark
620,152588.wav,25.124107000000002,26.308978000000003,1.0,dog_bark
621,152588.wav,28.581996000000004,30.492299,1.0,dog_bark
622,155294.wav,0.0,2.680454,2.0,dog_bark
623,155299.wav,0.0,7.393998,2.0,dog_bark
624,155299.wav,8.526258,18.064688,2.0,dog_bark
625,155309.wav,0.0,1.219048,1.0,dog_bark
626,155310.wav,0.0,2.774785,1.0,dog_bark
627,155311.wav,0.0,3.6919730000000004,1.0,dog_bark
628,155312.wav,0.0,5.491519,1.0,dog_bark
629,155313.wav,2.249546,3.021266,1.0,dog_bark
630,155314.wav,0.0,71.971626,1.0,dog_bark
631,155315.wav,0.0,4.527891,1.0,dog_bark
632,155317.wav,3.0312639999999997,7.045453999999999,1.0,dog_bark
633,155320.wav,0.084222,1.2240280000000001,1.0,dog_bark
634,155488.aiff,31.470139,59.77214300000001,2.0,dog_bark
635,155488.aiff,78.992161,85.32843100000002,2.0,dog_bark
636,155488.aiff,99.268224,112.785599,2.0,dog_bark
637,155488.aiff,147.423873,159.462785,2.0,dog_bark
638,155488.aiff,196.63556699999998,216.066794,2.0,dog_bark
639,156418.wav,0.0,6.2257440000000015,1.0,dog_bark
640,156418.wav,8.43488,13.040592,1.0,dog_bark
641,156418.wav,15.852217999999999,16.856370000000002,1.0,dog_bark
643,157649.wav,0.31233099999999997,7.912396,2.0,dog_bark
644,157649.wav,14.211079999999999,21.238538000000002,2.0,dog_bark
645,157649.wav,23.8413,29.723542,2.0,dog_bark
646,157695.mp3,0.0,59.428571,1.0,dog_bark
647,157950.wav,0.0,1.410045,1.0,dog_bark
648,158607.wav,0.11524200000000001,1.1314629999999999,2.0,dog_bark
649,158607.wav,5.835416,8.213583999999999,1.0,dog_bark
650,158607.wav,11.16796,13.21088,1.0,dog_bark
651,159176.wav,0.0,1.184218,1.0,dog_bark
652,159726.wav,1.237472,2.324186,2.0,dog_bark
653,159726.wav,2.6068580000000003,4.466207,2.0,dog_bark
654,160092.wav,0.013784000000000001,0.142207,1.0,dog_bark
655,160093.wav,0.015691,0.135517,1.0,dog_bark
656,160094.wav,0.12069500000000001,0.31345300000000004,1.0,dog_bark
657,160366.aiff,0.0,33.412042,1.0,dog_bark
658,160575.wav,1.351494,2.38668,2.0,dog_bark
659,160575.wav,3.450622,4.514564,2.0,dog_bark
660,160575.wav,6.096099,7.303816,2.0,dog_bark
661,160575.wav,8.569044,9.805517,2.0,dog_bark
662,160575.wav,11.185766000000001,12.537258999999999,2.0,dog_bark
663,160575.wav,14.348835999999999,14.780164000000001,2.0,dog_bark
664,160575.wav,15.901616,16.850537,2.0,dog_bark
665,160575.wav,17.540661,18.863398999999998,2.0,dog_bark
666,160575.wav,21.3651,24.298129,2.0,dog_bark
667,160575.wav,30.480493,32.694642,2.0,dog_bark
668,160575.wav,34.765015000000005,35.48389500000001,2.0,dog_bark
669,161922.wav,0.24189899999999998,18.444793,2.0,dog_bark
670,161922.wav,43.118484,59.749035,2.0,dog_bark
671,161922.wav,66.58268000000001,69.96926500000001,2.0,dog_bark
672,161922.wav,73.295375,75.17009200000003,2.0,dog_bark
673,161923.wav,0.0,55.614051,1.0,dog_bark
674,161923.wav,123.627703,127.67905800000001,1.0,dog_bark
675,161923.wav,152.969333,155.179163,1.0,dog_bark
676,162148.wav,0.0,0.45278100000000004,1.0,dog_bark
677,163459.wav,0.294231,1.0742479999999999,1.0,dog_bark
678,164311.wav,1.001261,5.438042,1.0,dog_bark
679,164311.wav,7.1741740000000025,10.683181,1.0,dog_bark
680,164312.wav,0.0,3.4505790000000003,1.0,dog_bark
681,164312.wav,6.1822870000000005,8.171161999999999,1.0,dog_bark
682,164312.wav,12.364574000000001,20.224226,1.0,dog_bark
683,164312.wav,22.380838,24.058201999999998,1.0,dog_bark
684,164312.wav,25.711605,27.412932,1.0,dog_bark
685,165567.aiff,0.147106,4.364141,2.0,dog_bark
686,165567.aiff,7.306259,8.7528,2.0,dog_bark
687,165567.aiff,12.111718,14.759623999999999,2.0,dog_bark
688,165567.aiff,18.388235,20.251576,2.0,dog_bark
689,165567.aiff,29.347624,31.26,2.0,dog_bark
690,166268.wav,0.0,0.2392050000000001,1.0,dog_bark
691,166268.wav,0.940874,2.382484,1.0,dog_bark
692,166268.wav,3.495586,3.706087,1.0,dog_bark
693,166421.wav,0.0,79.12508299999998,1.0,dog_bark
694,166489.wav,0.0,15.261001,1.0,dog_bark
695,170015.wav,1.193864,1.7907950000000001,1.0,dog_bark
696,171464.wav,0.7191770000000001,2.434138,1.0,dog_bark
697,171464.wav,3.961007,8.19862,1.0,dog_bark
698,171464.wav,11.705992,13.111154,1.0,dog_bark
699,173993.wav,0.0,117.539896,1.0,dog_bark
700,173994.wav,0.0,112.33896899999999,1.0,dog_bark
701,173995.wav,0.0,59.48716700000001,1.0,dog_bark
702,174026.wav,2.7592,6.729757000000001,2.0,dog_bark
703,174026.wav,9.219766,29.072547999999998,2.0,dog_bark
704,174026.wav,33.71608,42.464764,2.0,dog_bark
705,174026.wav,71.941097,77.863283,2.0,dog_bark
706,17486.wav,0.288611,0.9427969999999999,1.0,dog_bark
707,17486.wav,1.7990110000000001,3.092953,1.0,dog_bark
708,17486.wav,4.7572790000000005,5.700076,1.0,dog_bark
709,174873.wav,3.9129989999999997,8.043388,1.0,dog_bark
710,174873.wav,29.999662,32.825718,1.0,dog_bark
711,174873.wav,85.433821,94.781542,1.0,dog_bark
712,174873.wav,121.73776000000001,152.606978,1.0,dog_bark
713,174873.wav,158.69386599999999,182.606641,1.0,dog_bark
714,174873.wav,241.30163199999998,277.170794,1.0,dog_bark
715,174994.wav,27.743475,40.518821,1.0,dog_bark
716,175915.wav,3.2596060000000002,19.941121,2.0,dog_bark
717,175915.wav,119.071504,139.77959199999998,2.0,dog_bark
718,175915.wav,183.880149,196.34335,2.0,dog_bark
719,175917.wav,0.0,28.394046999999997,2.0,dog_bark
720,175917.wav,85.929353,101.6208,2.0,dog_bark
721,175917.wav,113.57618799999999,133.999976,2.0,dog_bark
722,175917.wav,148.446071,153.676553,2.0,dog_bark
723,175917.wav,198.758329,207.226729,2.0,dog_bark
724,175917.wav,253.304788,260.27876499999996,2.0,dog_bark
725,175917.wav,265.260176,281.200694,2.0,dog_bark
726,175917.wav,303.367976,308.847529,2.0,dog_bark
727,17615.aif,35.115512,51.330446,2.0,dog_bark
728,176257.flac,45.814378999999995,51.045588,1.0,dog_bark
729,176258.flac,45.877825,51.282281,2.0,dog_bark
731,176783.wav,0.0,39.171313,1.0,dog_bark
732,176783.wav,53.119866,57.629549,1.0,dog_bark
734,177620.flac,63.75957800000001,78.058961,2.0,dog_bark
736,177620.flac,111.45683600000001,123.405635,2.0,dog_bark
737,17810.wav,0.30895100000000003,0.689991,1.0,dog_bark
738,17810.wav,2.152361,2.770263,1.0,dog_bark
739,178118.wav,0.0,0.723588,2.0,dog_bark
740,178118.wav,3.3739410000000003,4.131184999999999,2.0,dog_bark
741,178118.wav,7.420988,8.523199,2.0,dog_bark
742,178497.wav,0.0,19.493520999999998,1.0,dog_bark
744,179386.wav,0.0,13.179936999999999,1.0,dog_bark
745,180052.wav,0.0,20.508000000000006,1.0,dog_bark
746,180256.wav,0.0,10.88,1.0,dog_bark
747,180257.wav,0.0,14.890667,1.0,dog_bark
748,180977.wav,0.0,3.979018,1.0,dog_bark
749,180977.wav,10.726049,26.209619,1.0,dog_bark
750,181725.mp3,0.0,82.186165,1.0,dog_bark
751,183989.ogg,15.176471,35.764706,2.0,dog_bark
752,183989.ogg,71.17647099999998,135.647059,2.0,dog_bark
753,183992.flac,0.0,24.44322,1.0,dog_bark
754,18453.wav,9.13085,9.937155,2.0,dog_bark
755,184575.mp3,0.0,13.008980000000001,1.0,dog_bark
756,184725.flac,0.0,19.93835,1.0,dog_bark
757,18581.mp3,40.693758,56.161069,2.0,dog_bark
758,18581.mp3,63.71059,75.12693900000002,2.0,dog_bark
759,187378.flac,0.0,72.310295,1.0,dog_bark
760,189846.wav,13.241992000000002,14.358787,2.0,dog_bark
761,189846.wav,17.230544000000002,18.586651999999997,2.0,dog_bark
762,189846.wav,22.535318,23.532456,2.0,dog_bark
763,189846.wav,26.404213000000002,27.321579999999997,2.0,dog_bark
764,189846.wav,28.159176000000002,28.956887,2.0,dog_bark
765,189846.wav,45.828461,47.583424,2.0,dog_bark
766,189895.flac,0.0,5.642417,1.0,dog_bark
767,190680.wav,0.532882,1.598645,2.0,dog_bark
768,190680.wav,5.960838,7.49752,2.0,dog_bark
769,190680.wav,11.227691,11.735787,2.0,dog_bark
770,190680.wav,15.428780999999999,16.655647000000002,2.0,dog_bark
771,190680.wav,21.352441,25.677456,2.0,dog_bark
772,190680.wav,28.193153000000002,32.493384000000006,2.0,dog_bark
773,190680.wav,36.24834,41.750652,2.0,dog_bark
774,190680.wav,48.78964600000001,51.639943,2.0,dog_bark
775,190680.wav,54.626557999999996,60.401506999999995,2.0,dog_bark
776,190996.wav,12.510494,37.152376000000004,2.0,dog_bark
777,191382.mp3,0.61858,24.197378,1.0,dog_bark
778,191382.mp3,28.636596,40.316835,1.0,dog_bark
779,191382.mp3,41.735929,43.045862,1.0,dog_bark
780,191687.wav,0.0,34.889841,1.0,dog_bark
781,19218.flac,55.750425,59.84756899999999,2.0,dog_bark
782,192236.wav,3.506272,23.822026,1.0,dog_bark
783,193394.flac,0.0,27.937188,1.0,dog_bark
784,194753.flac,0.0,0.752941,2.0,dog_bark
785,194753.flac,2.917647,4.729412,2.0,dog_bark
786,194753.flac,8.235294,9.2,2.0,dog_bark
787,194753.flac,13.105882000000001,13.858823999999998,2.0,dog_bark
788,194754.flac,0.312357,9.554916,1.0,dog_bark
789,19496.flac,32.082004,37.265169,2.0,dog_bark
790,19496.flac,41.420638000000004,48.43578400000001,2.0,dog_bark
791,19503.flac,0.12673299999999998,4.087129,2.0,dog_bark
792,19503.flac,19.152475,21.544554,2.0,dog_bark
793,19503.flac,23.112871,23.809901,2.0,dog_bark
794,196127.wav,0.0,13.121198000000001,1.0,dog_bark
795,196561.wav,0.0,120.99997900000001,1.0,dog_bark
796,197073.wav,0.0,0.6576,1.0,dog_bark
797,197073.wav,1.827741,3.3847059999999995,1.0,dog_bark
798,197073.wav,4.061647,4.467812,1.0,dog_bark
799,197073.wav,6.653364999999999,7.610753,1.0,dog_bark
800,197073.wav,9.709271000000001,20.55,1.0,dog_bark
801,197073.wav,21.894212,22.503459,1.0,dog_bark
802,197073.wav,24.485929000000002,28.354165000000002,1.0,dog_bark
803,197073.wav,29.031106,40.161953000000004,1.0,dog_bark
804,197073.wav,41.4288,42.860046999999994,1.0,dog_bark
805,197073.wav,44.407340999999995,48.942847,1.0,dog_bark
806,197074.wav,0.0,29.112,1.0,dog_bark
807,197075.wav,2.358061,10.442842,2.0,dog_bark
808,197075.wav,16.253779,27.286136,2.0,dog_bark
809,197075.wav,30.065279999999998,32.002259,2.0,dog_bark
810,197075.wav,39.750174,41.097638,2.0,dog_bark
811,197075.wav,46.066409,53.730107999999994,2.0,dog_bark
812,197075.wav,58.951529,60.804292000000004,2.0,dog_bark
813,197075.wav,63.920301,69.983887,2.0,dog_bark
814,197075.wav,74.531576,89.522108,2.0,dog_bark
815,197075.wav,97.522673,105.10215500000001,2.0,dog_bark
816,197080.wav,0.0,20.164442,1.0,dog_bark
817,197080.wav,22.422117999999998,27.370447,1.0,dog_bark
818,197080.wav,28.947727,29.782758,1.0,dog_bark
819,197080.wav,31.5456,31.978578999999996,1.0,dog_bark
820,197080.wav,34.267181,36.370221,1.0,dog_bark
821,197080.wav,38.627896,39.122729,1.0,dog_bark
822,197243.wav,0.40721599999999997,1.042196,1.0,dog_bark
823,197243.wav,2.1499610000000002,2.733176,1.0,dog_bark
824,199261.wav,0.211116,12.569500999999999,1.0,dog_bark
825,20015.mp3,23.26305,80.069703,2.0,dog_bark
826,20015.mp3,84.946376,86.923406,2.0,dog_bark
827,200161.wav,2.109946,6.932681,1.0,dog_bark
828,200161.wav,7.8771330000000015,15.734171,1.0,dog_bark
829,200161.wav,17.201086,24.033293,1.0,dog_bark
830,200161.wav,24.736608,26.705890999999998,1.0,dog_bark
831,200161.wav,27.831196000000002,28.494321999999997,1.0,dog_bark
832,200161.wav,29.679910999999997,36.45183400000001,1.0,dog_bark
833,200161.wav,37.617328,54.09500300000001,1.0,dog_bark
834,200161.wav,55.340876,56.104476,1.0,dog_bark
835,200161.wav,56.807791,58.41536899999999,1.0,dog_bark
836,200161.wav,61.730999,62.956778,1.0,dog_bark
837,200161.wav,63.619903,66.011176,1.0,dog_bark
838,200161.wav,67.056102,68.020649,1.0,dog_bark
839,200161.wav,68.60339599999999,84.618892,1.0,dog_bark
840,200161.wav,88.79859599999996,92.57640400000001,1.0,dog_bark
841,200161.wav,94.565782,96.756107,1.0,dog_bark
842,200161.wav,98.062264,100.89562099999999,1.0,dog_bark
843,201207.wav,0.0,2.083529,1.0,dog_bark
844,201207.wav,4.982353,6.763922,1.0,dog_bark
845,201207.wav,8.907843,10.719608000000001,1.0,dog_bark
846,201207.wav,11.776471,14.373332999999999,1.0,dog_bark
847,201207.wav,16.24549,17.513725,1.0,dog_bark
848,201207.wav,21.801569,23.79451,1.0,dog_bark
849,201207.wav,25.123137,27.418039,1.0,dog_bark
850,201207.wav,28.112548999999998,30.467843,1.0,dog_bark
851,201207.wav,32.098431,34.302745,1.0,dog_bark
852,201207.wav,35.118039,41.066666999999995,1.0,dog_bark
853,201207.wav,42.787843,50.36705900000001,1.0,dog_bark
854,201207.wav,51.544706,52.99411800000001,1.0,dog_bark
855,201207.wav,55.711765,59.184314,1.0,dog_bark
856,201207.wav,62.777646999999995,65.072549,1.0,dog_bark
857,201207.wav,67.276863,69.51137299999999,1.0,dog_bark
858,201207.wav,71.232549,73.346275,1.0,dog_bark
859,201207.wav,76.667843,78.992941,1.0,dog_bark
860,201207.wav,81.106667,82.797647,1.0,dog_bark
861,201207.wav,85.726667,87.78,1.0,dog_bark
862,201207.wav,91.192157,93.487059,1.0,dog_bark
863,201207.wav,96.17451,99.224314,1.0,dog_bark
864,201207.wav,102.48549,105.41451,1.0,dog_bark
865,201207.wav,106.95451000000001,109.702353,1.0,dog_bark
866,201207.wav,110.88,112.842745,1.0,dog_bark
867,201207.wav,114.141176,115.98313700000001,1.0,dog_bark
868,201207.wav,117.372157,119.123529,1.0,dog_bark
869,201207.wav,121.20705900000002,123.47176499999999,1.0,dog_bark
870,201207.wav,127.638824,130.41686299999998,1.0,dog_bark
871,201207.wav,134.13098,137.482745,1.0,dog_bark
872,201207.wav,140.774118,146.752941,1.0,dog_bark
873,201207.wav,148.323137,153.214902,1.0,dog_bark
874,20285.flac,1.940273,7.7752550000000005,1.0,dog_bark
875,20285.flac,8.837448,15.295582999999999,1.0,dog_bark
877,203128.mp3,0.540704,1.8118330000000002,1.0,dog_bark
878,203128.mp3,3.414972,5.302693,1.0,dog_bark
879,203128.mp3,7.7026600000000025,9.723185,1.0,dog_bark
880,203128.mp3,10.083655,10.529498,1.0,dog_bark
881,203128.mp3,10.842537,11.715253,1.0,dog_bark
882,203128.mp3,12.644884,13.062269,1.0,dog_bark
883,203128.mp3,13.517598999999999,15.291487,1.0,dog_bark
884,203128.mp3,15.718359,17.70094,1.0,dog_bark
885,203128.mp3,18.184728,19.275622,1.0,dog_bark
886,203128.mp3,19.607633,21.409979999999997,1.0,dog_bark
887,203128.mp3,21.903253,25.109533,1.0,dog_bark
888,203128.mp3,25.432057999999998,25.925332,1.0,dog_bark
889,203128.mp3,26.371176000000002,26.940338,1.0,dog_bark
890,203128.mp3,27.224919,30.658863,1.0,dog_bark
891,203128.mp3,30.896014,36.426372,1.0,dog_bark
892,203128.mp3,36.805814,37.991568,1.0,dog_bark
893,203128.mp3,38.456384,42.819959000000004,1.0,dog_bark
894,203128.mp3,43.294261,48.141625,1.0,dog_bark
895,203355.wav,42.985765,44.114,2.0,dog_bark
896,203355.wav,47.291863,48.250863,2.0,dog_bark
897,203356.wav,37.465647,47.807528999999995,2.0,dog_bark
898,203440.wav,23.509202,40.294677,2.0,dog_bark
899,203516.wav,7.554407,9.492609,2.0,dog_bark
900,204773.wav,0.0,1.011735,1.0,dog_bark
901,204773.wav,1.9354939999999998,3.8709879999999997,1.0,dog_bark
902,204773.wav,5.234630999999999,6.466309,1.0,dog_bark
903,204773.wav,7.8299520000000005,8.753711000000001,1.0,dog_bark
904,204773.wav,9.589492,13.548457,1.0,dog_bark
905,204773.wav,14.736146,15.527939000000002,1.0,dog_bark
906,204773.wav,18.959042,20.410662,1.0,dog_bark
907,204773.wav,21.862282999999998,29.56027000000001,1.0,dog_bark
908,204773.wav,32.595476,39.633635999999996,1.0,dog_bark
909,204773.wav,42.184968,55.689437,1.0,dog_bark
910,204919.mp3,3.974607,6.064957,2.0,dog_bark
911,204919.mp3,10.451744999999999,14.838534,2.0,dog_bark
912,204919.mp3,16.487261,21.963386,2.0,dog_bark
913,204919.mp3,25.525812,26.49738300000001,2.0,dog_bark
914,204919.mp3,33.062846,34.093299,2.0,dog_bark
917,207124.wav,0.0,1.04291,1.0,dog_bark
918,207124.wav,2.7363470000000003,5.596604,1.0,dog_bark
919,207124.wav,6.8460300000000025,12.050252,1.0,dog_bark
920,207369.wav,34.995645,35.947188,1.0,dog_bark
921,207962.wav,0.4698350000000001,1.066165,1.0,dog_bark
922,207962.wav,1.608282,2.3009880000000003,1.0,dog_bark
923,207962.wav,4.071905999999999,5.4994819999999995,1.0,dog_bark
924,208030.wav,0.180372,2.119367,1.0,dog_bark
925,208030.wav,2.48011,3.847929,1.0,dog_bark
926,208030.wav,4.2237029999999995,5.471274,1.0,dog_bark
927,208030.wav,6.117605999999999,7.154742999999999,1.0,dog_bark
928,208030.wav,7.771013000000001,10.897455,1.0,dog_bark
929,208030.wav,11.107889,14.985879,1.0,dog_bark
930,208030.wav,15.256437,17.270587,1.0,dog_bark
931,208030.wav,17.706485,18.698529999999998,1.0,dog_bark
932,20841.flac,0.61487,2.766915,2.0,dog_bark
933,20841.flac,5.983159,6.952761,2.0,dog_bark
934,20841.flac,7.7568220000000005,8.584532000000001,2.0,dog_bark
936,20841.flac,15.560942,16.719735,2.0,dog_bark
937,20841.flac,20.787337,22.206267999999998,2.0,dog_bark
938,20841.flac,29.60835800000001,30.223228000000002,2.0,dog_bark
939,20841.flac,32.63541,33.510417,2.0,dog_bark
940,209672.wav,0.7355079999999999,2.25906,1.0,dog_bark
941,209672.wav,5.306165,6.0942089999999975,1.0,dog_bark
942,209672.wav,6.829717,7.670298,1.0,dog_bark
943,209672.wav,8.458342,9.036241,1.0,dog_bark
944,209672.wav,12.976463,14.237333,1.0,dog_bark
945,209672.wav,17.021757,19.490962,1.0,dog_bark
946,209672.wav,20.436615,21.172123000000006,1.0,dog_bark
947,209672.wav,22.590603,24.009083,1.0,dog_bark
948,209672.wav,25.059808,26.110534,1.0,dog_bark
949,209672.wav,27.16126,28.842421,1.0,dog_bark
950,209672.wav,31.889525,35.30438400000001,1.0,dog_bark
951,209672.wav,37.72105300000001,39.559823,1.0,dog_bark
952,209672.wav,41.083375,43.184827,1.0,dog_bark
953,209672.wav,46.284468,47.755484,1.0,dog_bark
954,209672.wav,49.751862,52.115995,1.0,dog_bark
955,209672.wav,54.32251899999999,56.00368,1.0,dog_bark
956,209672.wav,58.788104000000004,59.681219999999996,1.0,dog_bark
957,209672.wav,62.308035,64.61963100000001,1.0,dog_bark
958,22347.mp3,1.1873559999999999,2.2714630000000002,1.0,dog_bark
959,22347.mp3,3.562067,13.387867000000002,1.0,dog_bark
960,22347.mp3,14.420351,17.328512,1.0,dog_bark
961,22347.mp3,18.188914999999998,25.519546,1.0,dog_bark
962,22973.wav,0.14222,9.116285000000001,2.0,dog_bark
963,23131.wav,23.681362,24.789920000000002,2.0,dog_bark
964,23131.wav,26.107336,27.328356,2.0,dog_bark
965,23131.wav,29.690065999999998,30.396971999999998,2.0,dog_bark
966,23131.wav,31.714389,34.47775,2.0,dog_bark
967,23131.wav,41.386153,41.996663,2.0,dog_bark
968,23131.wav,46.993204999999996,47.619781,2.0,dog_bark
969,24965.wav,0.0,0.500483,1.0,dog_bark
970,24965.wav,1.304201,1.8576759999999999,1.0,dog_bark
971,24965.wav,2.3081110000000002,2.911635,1.0,dog_bark
972,24965.wav,3.111829,3.5946480000000003,1.0,dog_bark
973,26255.flac,0.7081,0.9574309999999999,2.0,dog_bark
974,26255.flac,1.84505,4.1688160000000005,2.0,dog_bark
975,26255.flac,5.305766,7.2505479999999976,2.0,dog_bark
976,26255.flac,7.928729,8.477257,2.0,dog_bark
977,26255.flac,15.927270000000002,17.632695000000005,2.0,dog_bark
978,26255.flac,26.159817999999998,26.67842700000001,2.0,dog_bark
979,26255.flac,27.82535,28.543423999999998,2.0,dog_bark
980,26255.flac,31.405745,38.516667,2.0,dog_bark
981,26255.flac,39.66359,40.252012,2.0,dog_bark
982,26255.flac,43.313798,47.90149,2.0,dog_bark
983,26255.flac,50.414747,54.63342900000001,2.0,dog_bark
987,26256.flac,5.484338,9.168472999999999,2.0,dog_bark
988,26256.flac,12.015305,15.741304999999999,2.0,dog_bark
989,26256.flac,17.625238,21.434969,2.0,dog_bark
990,26256.flac,24.993508,28.384587,2.0,dog_bark
991,26256.flac,30.938363,44.042162,2.0,dog_bark
992,26256.flac,49.861421,144.937229,2.0,dog_bark
993,26256.flac,146.360644,163.274174,2.0,dog_bark
996,27217.flac,0.0,48.681406,1.0,dog_bark
997,27349.flac,0.0,22.533242,2.0,dog_bark
998,27349.flac,26.345256,39.673188,2.0,dog_bark
999,27349.flac,41.480366,61.302841,2.0,dog_bark
1000,27349.flac,68.192705,85.558549,2.0,dog_bark
1001,28284.mp3,5.678508,12.084142,1.0,dog_bark
1002,28284.mp3,18.749465,19.909404000000002,1.0,dog_bark
1003,29936.wav,2.321813,5.075963,2.0,dog_bark
1004,29936.wav,7.862139,10.071864,2.0,dog_bark
1005,29936.wav,10.936539,13.114239999999999,2.0,dog_bark
1006,29936.wav,16.941228,19.022853,2.0,dog_bark
1007,29937.wav,0.0,47.487347,2.0,dog_bark
1008,30226.aiff,1.8930930000000001,4.296380999999999,1.0,dog_bark
1009,30226.aiff,5.195936,20.273549,1.0,dog_bark
1010,30344.wav,0.39116100000000004,18.3266,1.0,dog_bark
1011,30832.mp3,6.613635,7.6214270000000015,2.0,dog_bark
1012,30832.mp3,11.085712,12.093504,2.0,dog_bark
1013,30832.mp3,14.801945000000002,16.250646,2.0,dog_bark
1014,30832.mp3,20.848697,21.982463,2.0,dog_bark
1015,30832.mp3,29.918825,30.86363,2.0,dog_bark
1016,30832.mp3,44.468823,55.93245699999999,2.0,dog_bark
1017,30832.mp3,59.900638,61.790248,2.0,dog_bark
1018,30832.mp3,129.56426100000002,131.705819,2.0,dog_bark
1019,30832.mp3,231.666189,232.925929,2.0,dog_bark
1020,30832.mp3,240.98826499999998,242.436966,2.0,dog_bark
1021,30832.mp3,244.956446,246.78306899999998,2.0,dog_bark
1022,30832.mp3,270.27722,271.977869,2.0,dog_bark
1023,30832.mp3,294.71617599999996,296.038903,2.0,dog_bark
1024,30832.mp3,297.99150099999997,299.440202,2.0,dog_bark
1025,30832.mp3,301.959682,305.046045,2.0,dog_bark
1026,30832.mp3,306.62072,308.447343,2.0,dog_bark
1027,30832.mp3,312.352537,313.864225,2.0,dog_bark
1028,31323.mp3,0.492016,54.954391,2.0,dog_bark
1029,31323.mp3,56.089812,57.338776,2.0,dog_bark
1030,31325.mp3,0.47651499999999997,3.1370560000000003,1.0,dog_bark
1031,31325.mp3,4.804858,15.804409,1.0,dog_bark
1032,31325.mp3,20.609267000000006,28.868858000000003,1.0,dog_bark
1033,31325.mp3,30.179274,48.803063,1.0,dog_bark
1034,31325.mp3,49.875221,60.16,1.0,dog_bark
1035,31840.wav,0.020035,3.546214,1.0,dog_bark
1036,31840.wav,4.95368,5.98048,1.0,dog_bark
1037,32318.aif,0.38555900000000004,6.468252,1.0,dog_bark
1038,33641.wav,1.216942,3.074379,1.0,dog_bark
1039,33641.wav,5.316114,7.301651,1.0,dog_bark
1040,33641.wav,8.283744,9.351237,1.0,dog_bark
1041,33641.wav,9.970383,10.440078999999999,1.0,dog_bark
1042,33641.wav,11.955919,13.27961,1.0,dog_bark
1043,33641.wav,14.368453,14.8168,1.0,dog_bark
1044,33641.wav,15.329196,16.31129,1.0,dog_bark
1045,33641.wav,17.74173,19.385669,1.0,dog_bark
1046,33641.wav,20.944208,23.228642999999998,1.0,dog_bark
1047,33641.wav,24.765832,25.470378,1.0,dog_bark
1048,33696.flac,5.538044,8.307066,2.0,dog_bark
1049,33696.flac,10.303338,14.746652,2.0,dog_bark
1050,33696.flac,23.053718,24.72801,2.0,dog_bark
1051,33696.flac,27.30384500000001,29.428908000000003,2.0,dog_bark
1052,33696.flac,69.28994499999999,76.43788599999998,2.0,dog_bark
1053,33696.flac,82.813076,85.64649399999998,2.0,dog_bark
1054,33696.flac,88.093536,97.559728,2.0,dog_bark
1055,33849.wav,0.0,0.26459299999999997,1.0,dog_bark
1056,33849.wav,1.78355,2.410732,1.0,dog_bark
1057,33849.wav,3.233909,4.6058699999999995,1.0,dog_bark
1058,33849.wav,5.017459,6.712811,1.0,dog_bark
1059,33849.wav,8.270967,10.162314,1.0,dog_bark
1060,344.wav,0.213338,0.8609709999999999,1.0,dog_bark
1061,344.wav,1.401936,2.666725,1.0,dog_bark
1062,344.wav,3.565793,4.1753300000000015,1.0,dog_bark
1063,344.wav,4.883916999999999,5.409643,1.0,dog_bark
1064,344.wav,6.483953,7.4287350000000005,1.0,dog_bark
1065,344.wav,7.9392229999999975,9.623069000000001,1.0,dog_bark
1066,34771.wav,0.0,37.14966,1.0,dog_bark
1067,34871.wav,7.0100820000000015,8.762602000000001,1.0,dog_bark
1068,34871.wav,14.520883,16.054339000000002,1.0,dog_bark
1069,34871.wav,17.869449,18.683119,1.0,dog_bark
1070,34871.wav,21.06154,21.68744,1.0,dog_bark
1071,34871.wav,22.75147,27.320541,1.0,dog_bark
1072,34871.wav,34.268033,36.615158,1.0,dog_bark
1073,34871.wav,46.3792,56.174537,1.0,dog_bark
1074,34871.wav,57.801878,58.928498,1.0,dog_bark
1075,34871.wav,60.868788,63.466274,1.0,dog_bark
1076,34871.wav,64.342534,80.490758,2.0,dog_bark
1077,34871.wav,105.401583,107.185399,2.0,dog_bark
1078,34871.wav,113.63217,115.3221,2.0,dog_bark
1079,34872.wav,0.0,8.007712,1.0,dog_bark
1080,34931.wav,0.233418,4.148033,1.0,dog_bark
1081,35296.mp3,0.7994140000000001,1.7510970000000001,2.0,dog_bark
1082,35296.mp3,3.591018,5.595897,2.0,dog_bark
1083,35296.mp3,7.448507000000001,9.592966,2.0,dog_bark
1084,35296.mp3,11.978519,15.341133,2.0,dog_bark
1085,35628.mp3,0.689299,6.213006,1.0,dog_bark
1086,35629.mp3,2.06663,4.87455,1.0,dog_bark
1087,35629.mp3,7.300594,12.489632,1.0,dog_bark
1088,35629.mp3,15.589576000000001,21.362661,1.0,dog_bark
1089,35629.mp3,32.347248,33.537805999999996,1.0,dog_bark
1090,36902.wav,0.08997999999999999,0.877307,1.0,dog_bark
1091,36902.wav,1.192238,1.9983099999999998,1.0,dog_bark
1092,36902.wav,2.286997,5.293835,1.0,dog_bark
1094,37869.flac,6.0031419999999995,7.4144770000000015,1.0,dog_bark
1095,37869.flac,13.397742000000001,14.987978,1.0,dog_bark
1096,37869.flac,15.902364000000002,18.108817000000002,1.0,dog_bark
1097,37869.flac,18.844301,19.778565,1.0,dog_bark
1098,37869.flac,21.567581,23.177695999999997,1.0,dog_bark
1099,37869.flac,26.358169,29.200715999999996,1.0,dog_bark
1100,38121.wav,0.05536,2.856996,1.0,dog_bark
1102,38231.flac,6.142288,7.315086999999999,1.0,dog_bark
1103,38231.flac,13.437498000000001,19.679176000000002,1.0,dog_bark
1104,38231.flac,21.587459,23.058428,1.0,dog_bark
1105,38231.flac,26.338290999999998,28.982059000000003,1.0,dog_bark
1106,38236.flac,0.716526,2.3287080000000002,1.0,dog_bark
1108,38236.flac,13.434856,23.804574,1.0,dog_bark
1109,38236.flac,26.292509999999996,29.95475200000001,1.0,dog_bark
1110,41306.wav,0.0,77.251701,2.0,dog_bark
1111,41372.wav,17.392794,128.518645,2.0,dog_bark
1112,41918.wav,0.525781,8.018162,1.0,dog_bark
1113,4201.mp3,0.104715,0.352725,2.0,dog_bark
1114,4201.mp3,0.804653,1.085731,2.0,dog_bark
1115,4201.mp3,1.8187369999999998,2.171462,2.0,dog_bark
1116,4201.mp3,3.968154,4.976726,2.0,dog_bark
1117,42371.wav,10.54093,11.538045,2.0,dog_bark
1118,43784.mp3,0.934147,1.116784,1.0,dog_bark
1119,43784.mp3,2.739564,3.254543,1.0,dog_bark
1120,43786.mp3,0.536063,1.142558,1.0,dog_bark
1121,43786.mp3,2.926828,3.314202,1.0,dog_bark
1122,43787.mp3,1.5789469999999999,2.870812,1.0,dog_bark
1123,43787.mp3,6.2716199999999995,7.364737,1.0,dog_bark
1124,43787.mp3,8.866392,10.710336999999999,1.0,dog_bark
1125,43787.mp3,11.969077,12.388657,1.0,dog_bark
1126,44110.wav,0.249536,3.4657839999999998,1.0,dog_bark
1127,44110.wav,5.517529,6.0720540000000005,1.0,dog_bark
1128,44110.wav,7.846536,9.759649000000001,1.0,dog_bark
1129,44110.wav,11.31232,14.500842,1.0,dog_bark
1130,44110.wav,16.802122,18.437973,1.0,dog_bark
1131,44110.wav,21.626494,23.151439,1.0,dog_bark
1132,44110.wav,25.31408900000001,26.395413,1.0,dog_bark
1133,44110.wav,28.613515000000003,30.582081,1.0,dog_bark
1134,44110.wav,35.046011,41.450781,1.0,dog_bark
1135,44831.mp3,1.951541,7.691367,2.0,dog_bark
1136,44831.mp3,10.038317999999999,11.313835000000001,2.0,dog_bark
1137,44831.mp3,20.35725,21.811339999999998,2.0,dog_bark
1138,47926.wav,1.674351,2.6833240000000003,1.0,dog_bark
1139,47926.wav,3.315978,3.7522910000000014,1.0,dog_bark
1140,47926.wav,4.908519999999998,6.075657,1.0,dog_bark
1141,47926.wav,6.593779,7.433681,1.0,dog_bark
1142,4910.wav,0.031494,0.6477310000000001,1.0,dog_bark
1143,4911.wav,0.008108,0.21743800000000002,1.0,dog_bark
1144,4912.wav,0.0,0.231748,1.0,dog_bark
1145,4912.wav,0.516166,0.859574,1.0,dog_bark
1146,4912.wav,1.666477,1.9909240000000001,1.0,dog_bark
1147,4912.wav,2.370148,2.646139,1.0,dog_bark
1148,4918.wav,0.0,0.3744,1.0,dog_bark
1149,4918.wav,1.421333,2.343467,1.0,dog_bark
1150,4918.wav,3.154667,4.2293330000000005,1.0,dog_bark
1151,4918.wav,4.8672,5.2832,1.0,dog_bark
1152,4918.wav,7.4672,8.389333,1.0,dog_bark
1153,49808.wav,0.0,53.44364300000001,2.0,dog_bark
1154,49808.wav,56.882376,108.53501100000001,2.0,dog_bark
1155,49809.wav,0.0,0.718468,2.0,dog_bark
1156,49809.wav,1.416409,6.548325,2.0,dog_bark
1157,49809.wav,10.469108,13.466147,2.0,dog_bark
1158,49809.wav,18.125926999999997,20.897161999999998,2.0,dog_bark
1159,49809.wav,22.477792,23.791562,2.0,dog_bark
1160,49809.wav,25.207971,29.498253000000002,2.0,dog_bark
1161,50223.wav,2.308086,27.295631,2.0,dog_bark
1162,50612.wav,0.0,0.7696149999999999,1.0,dog_bark
1163,50613.wav,0.0,0.5385260000000001,1.0,dog_bark
1164,50614.wav,0.0,1.0,1.0,dog_bark
1165,50885.wav,0.0,15.344626000000002,1.0,dog_bark
1166,51022.wav,0.0,1.611336,2.0,dog_bark
1167,51022.wav,5.099229,6.1501,2.0,dog_bark
1168,51022.wav,6.1501,6.5003910000000005,1.0,dog_bark
1169,51022.wav,6.520407,9.23766,2.0,dog_bark
1170,51022.wav,9.262681,9.642997,1.0,dog_bark
1171,51022.wav,9.642997,13.77142,2.0,dog_bark
1172,51022.wav,13.811453,14.201776999999998,1.0,dog_bark
1173,51022.wav,14.201776999999998,15.292682000000001,2.0,dog_bark
1174,51022.wav,15.292682000000001,15.773079999999998,1.0,dog_bark
1175,51022.wav,15.773079999999998,18.495337,2.0,dog_bark
1176,51022.wav,18.520357999999998,19.015769,1.0,dog_bark
1177,51022.wav,19.015769,19.721354,2.0,dog_bark
1178,51022.wav,19.721354,19.916516,1.0,dog_bark
1179,51022.wav,19.916516,21.377728,2.0,dog_bark
1180,51022.wav,21.377728,21.978226,1.0,dog_bark
1181,51022.wav,21.978226,23.65962,2.0,dog_bark
1182,51022.wav,23.65962,24.019919,1.0,dog_bark
1183,51022.wav,24.019919,26.301810999999997,2.0,dog_bark
1184,51022.wav,26.301810999999997,26.657106,1.0,dog_bark
1185,51022.wav,26.742176,27.883121999999997,2.0,dog_bark
1186,51022.wav,27.883121999999997,28.954009999999997,1.0,dog_bark
1187,51022.wav,28.994044,30.104965000000004,2.0,dog_bark
1188,51022.wav,30.104965000000004,30.385196999999998,1.0,dog_bark
1189,51022.wav,30.385196999999998,31.115803000000003,2.0,dog_bark
1190,51022.wav,31.115803000000003,31.586192999999998,1.0,dog_bark
1191,51022.wav,32.336816,32.627056,1.0,dog_bark
1192,51022.wav,33.948152,34.248401,1.0,dog_bark
1193,51022.wav,35.109115,35.419371999999996,1.0,dog_bark
1194,51022.wav,40.198335,44.036518,2.0,dog_bark
1195,51022.wav,44.136601,44.596982000000004,1.0,dog_bark
1196,51022.wav,44.647024,60.65029499999999,2.0,dog_bark
1197,51024.wav,0.399669,60.549909,2.0,dog_bark
1198,51027.wav,0.0,24.594058999999998,2.0,dog_bark
1199,51027.wav,38.059406,58.574256999999996,2.0,dog_bark
1200,52077.wav,0.60243,45.118864,1.0,dog_bark
1201,52171.wav,0.0,1.01411,1.0,dog_bark
1202,52171.wav,1.6096059999999999,8.584563000000001,1.0,dog_bark
1203,52171.wav,9.321562,9.810929,2.0,dog_bark
1204,52171.wav,10.5892,10.990127000000001,2.0,dog_bark
1205,52171.wav,10.990127000000001,11.60331,1.0,dog_bark
1206,52171.wav,11.650478,12.151637,2.0,dog_bark
1207,52171.wav,13.041932000000001,20.187873,2.0,dog_bark
1208,52441.wav,0.0,34.702339,1.0,dog_bark
1209,52441.wav,46.843242,60.655362,1.0,dog_bark
1210,52441.wav,67.97922700000001,70.73182,1.0,dog_bark
1211,52633.wav,0.0,35.552925,1.0,dog_bark
1212,52740.wav,68.09769,79.72013199999998,2.0,dog_bark
1213,54545.wav,0.826371,9.726796,1.0,dog_bark
1214,54823.wav,0.189657,4.096588,1.0,dog_bark
1215,54823.wav,9.084564,17.789814,1.0,dog_bark
1216,54823.wav,19.819143,27.708869,1.0,dog_bark
1217,54858.wav,28.04638,34.056319,2.0,dog_bark
1218,54858.wav,36.898228,64.385543,1.0,dog_bark
1219,54858.wav,66.854743,67.739928,1.0,dog_bark
1220,55013.wav,0.0,18.49505,2.0,dog_bark
1221,57105.flac,178.452055,188.591993,2.0,dog_bark
1222,57105.flac,232.256082,244.11764,2.0,dog_bark
1224,57105.flac,259.503775,260.805157,2.0,dog_bark
1226,57553.aif,0.0,1.715423,2.0,dog_bark
1227,57553.aif,9.679885,11.932555,2.0,dog_bark
1228,57553.aif,13.063603,14.279479,2.0,dog_bark
1229,57596.wav,0.591383,3.288668,2.0,dog_bark
1230,57596.wav,5.9210449999999994,10.010245,2.0,dog_bark
1231,58382.wav,0.224342,6.021178,1.0,dog_bark
1232,59513.wav,0.156569,19.571163000000002,1.0,dog_bark
1233,59800.wav,0.0,3.506271,1.0,dog_bark
1234,59800.wav,7.8830649999999975,17.6039,1.0,dog_bark
1235,59800.wav,22.51268,24.374631,1.0,dog_bark
1236,59800.wav,29.186685999999998,35.691424,1.0,dog_bark
1237,61077.wav,28.455188,29.897292999999998,1.0,dog_bark
1238,61077.wav,32.394596,34.434647,1.0,dog_bark
1239,61077.wav,36.017445,39.71064000000001,1.0,dog_bark
1240,61077.wav,44.529379999999996,48.820521,1.0,dog_bark
1241,61250.flac,0.0,129.219048,2.0,dog_bark
1242,62048.wav,0.0,17.800136,1.0,dog_bark
1243,63261.wav,0.0,7.015917999999999,1.0,dog_bark
1244,63292.wav,0.0,7.507528,1.0,dog_bark
1245,63932.wav,0.0,9.905524,1.0,dog_bark
1246,63932.wav,36.729332,44.26805,1.0,dog_bark
1247,65381.wav,0.8566860000000001,22.445173999999998,1.0,dog_bark
1248,65381.wav,30.032965,32.089012,2.0,dog_bark
1249,65745.flac,0.0,411.881188,2.0,dog_bark
1250,65749.flac,5.346535,47.524752,2.0,dog_bark
1251,65749.flac,75.445545,136.237624,2.0,dog_bark
1252,65750.flac,250.455446,270.25742599999995,2.0,dog_bark
1254,65750.flac,302.574257,305.267327,2.0,dog_bark
1255,65750.flac,313.029703,479.524752,2.0,dog_bark
1256,66587.mp3,1.8362619999999998,2.3527099999999996,1.0,dog_bark
1257,66587.mp3,3.077173,3.4286449999999995,1.0,dog_bark
1258,66587.mp3,4.533271,5.0497190000000005,1.0,dog_bark
1259,66587.mp3,7.8112850000000025,8.299042,1.0,dog_bark
1260,67049.wav,0.074989,8.07575,1.0,dog_bark
1261,68389.wav,1.776939,3.366492,1.0,dog_bark
1262,68389.wav,5.356664,5.964054,1.0,dog_bark
1263,68389.wav,7.818533,9.227161,1.0,dog_bark
1264,69661.mp3,0.0,142.158367,1.0,dog_bark
1265,69777.wav,0.0,9.157308,2.0,dog_bark
1266,69883.wav,1.6792080000000005,45.782178,2.0,dog_bark
1267,70098.wav,0.13072,2.272509,1.0,dog_bark
1268,70098.wav,4.072417,6.626475,1.0,dog_bark
1269,70098.wav,8.225276,10.467619000000001,1.0,dog_bark
1270,70098.wav,13.373615,14.459593,1.0,dog_bark
1271,70168.wav,6.9650940000000015,12.950721000000001,2.0,dog_bark
1272,70168.wav,17.630392999999994,76.779274,2.0,dog_bark
1273,71312.mp3,134.37905,149.824918,2.0,dog_bark
1274,71312.mp3,157.03298999999996,164.112346,2.0,dog_bark
1275,71312.mp3,166.815373,172.478858,2.0,dog_bark
1276,71700.wav,1.860684,6.550629,2.0,dog_bark
1277,71700.wav,8.156425,11.979749,2.0,dog_bark
1278,71700.wav,23.755587,27.680865999999998,2.0,dog_bark
1279,71700.wav,104.504191,120.562152,2.0,dog_bark
1280,71700.wav,129.865574,140.11208200000002,2.0,dog_bark
1281,72220.wav,5.444078,8.489071000000001,2.0,dog_bark
1282,72220.wav,13.564059,16.738234,2.0,dog_bark
1283,72220.wav,28.733660999999998,46.892891,2.0,dog_bark
1284,72220.wav,51.986334,57.282776,2.0,dog_bark
1285,72220.wav,62.007129000000006,64.203215,2.0,dog_bark
1287,72221.flac,66.415842,78.415842,2.0,dog_bark
1288,72221.flac,88.039604,92.67326700000001,2.0,dog_bark
1289,72221.flac,103.128713,110.37623799999999,2.0,dog_bark
1290,72221.flac,140.55445500000002,161.34653500000005,2.0,dog_bark
1291,72261.wav,1.4738790000000002,64.15708000000001,1.0,dog_bark
1292,72265.wav,0.204493,2.6584060000000003,2.0,dog_bark
1293,72265.wav,5.696585,8.354991,2.0,dog_bark
1294,72265.wav,16.797623,21.238038,2.0,dog_bark
1295,72265.wav,24.422283,28.190793,2.0,dog_bark
1296,72265.wav,31.024479,33.127833,2.0,dog_bark
1297,72265.wav,37.130049,40.226653999999996,2.0,dog_bark
1298,72265.wav,47.997381,51.911957,2.0,dog_bark
1299,72265.wav,72.974715,78.203888,2.0,dog_bark
1300,72265.wav,84.30945899999998,94.18354000000001,2.0,dog_bark
1301,72265.wav,99.938551,104.2329,2.0,dog_bark
1302,72265.wav,109.72499199999999,114.165407,2.0,dog_bark
1303,72265.wav,122.578825,124.97431200000001,2.0,dog_bark
1304,72265.wav,130.145059,134.46862099999998,2.0,dog_bark
1305,72265.wav,142.122494,147.702226,2.0,dog_bark
1306,72265.wav,166.13579099999995,169.582955,2.0,dog_bark
1307,72265.wav,171.627883,174.899768,2.0,dog_bark
1308,72537.wav,1.31661,37.784228999999996,1.0,dog_bark
1309,72538.wav,2.101978,18.463667,1.0,dog_bark
1310,72539.wav,6.804819999999999,28.273224,1.0,dog_bark
1311,72579.mp3,3.486718,15.950109,1.0,dog_bark
1312,72723.mp3,0.0,1.410612,1.0,dog_bark
1313,72724.mp3,2.607072,4.50651,1.0,dog_bark
1314,72724.mp3,19.702017,27.225282,1.0,dog_bark
1315,72724.mp3,29.795109999999998,56.08929499999999,1.0,dog_bark
1316,72829.mp3,0.0,8.646531,1.0,dog_bark
1317,73373.aif,0.0,2.927007,1.0,dog_bark
1318,7383.mp3,3.9021,10.356701,1.0,dog_bark
1319,7383.mp3,11.060839,16.253859,1.0,dog_bark
1320,74495.wav,0.335018,7.1303009999999984,1.0,dog_bark
1321,74513.wav,0.433328,19.355319,1.0,dog_bark
1322,74723.wav,0.398746,8.514406,1.0,dog_bark
1323,74725.wav,0.365119,7.790985000000001,1.0,dog_bark
1324,74950.mp3,0.33312600000000003,4.363949,1.0,dog_bark
1325,74950.mp3,6.995644,8.761211,1.0,dog_bark
1326,74950.mp3,11.592781,26.983196999999997,1.0,dog_bark
1327,74950.mp3,30.481018,35.511219,1.0,dog_bark
1328,74950.mp3,37.70985,40.474795,1.0,dog_bark
1329,76566.wav,6.34312,40.029968,2.0,dog_bark
1330,76566.wav,45.358189,50.862066,2.0,dog_bark
1331,76566.wav,140.036578,148.15577199999996,2.0,dog_bark
1332,76566.wav,231.533648,236.549592,2.0,dog_bark
1333,76640.wav,0.095334,4.699157,1.0,dog_bark
1334,77233.wav,0.0,215.0,2.0,dog_bark
1335,77674.wav,0.130222,5.011307,1.0,dog_bark
1336,77927.mp3,29.236982,40.036228,2.0,dog_bark
1337,77927.mp3,53.666984,61.042078000000004,2.0,dog_bark
1340,7913.flac,5.5406949999999995,6.32943,1.0,dog_bark
1341,7913.flac,7.00735,7.704826,1.0,dog_bark
1342,79584.mp3,0.380235,24.525176000000002,1.0,dog_bark
1343,79584.mp3,37.833412,47.1872,1.0,dog_bark
1344,7965.mp3,3.08048,4.93388,2.0,dog_bark
1345,7965.mp3,6.212087,7.017358,2.0,dog_bark
1346,7965.mp3,8.154962,8.985797,2.0,dog_bark
1347,7965.mp3,44.110933,45.299665999999995,2.0,dog_bark
1348,7965.mp3,54.617796999999996,56.522326,2.0,dog_bark
1349,7965.mp3,76.347321,78.737569,2.0,dog_bark
1350,7965.mp3,87.520498,88.56394499999998,2.0,dog_bark
1351,7965.mp3,89.596636,90.586297,2.0,dog_bark
1352,7965.mp3,91.83919300000001,92.452733,1.0,dog_bark
1353,7965.mp3,92.74672,93.462517,2.0,dog_bark
1354,7965.mp3,93.49073800000001,94.631,1.0,dog_bark
1355,7965.mp3,95.717477,97.067061,1.0,dog_bark
1356,7965.mp3,97.793614,98.485871,2.0,dog_bark
1357,7965.mp3,99.150539,99.891899,2.0,dog_bark
1358,7965.mp3,103.253584,103.854342,1.0,dog_bark
1359,7965.mp3,105.183677,105.950602,2.0,dog_bark
1360,7965.mp3,108.95438899999999,110.833354,2.0,dog_bark
1361,7965.mp3,113.94015700000001,114.854518,2.0,dog_bark
1362,7965.mp3,115.424649,116.56491100000001,2.0,dog_bark
1363,7965.mp3,117.569506,118.56650800000001,2.0,dog_bark
1364,7965.mp3,119.97493999999999,124.094944,2.0,dog_bark
1365,7965.mp3,165.316496,167.94125,2.0,dog_bark
1366,7965.mp3,172.244126,175.170082,2.0,dog_bark
1367,7965.mp3,181.620473,182.94980800000002,2.0,dog_bark
1368,7965.mp3,184.59338,186.31453100000002,2.0,dog_bark
1369,7965.mp3,187.29571299999998,188.663395,2.0,dog_bark
1370,7965.mp3,192.498017,194.453674,2.0,dog_bark
1371,7975.mp3,173.04952600000001,177.65945200000004,2.0,dog_bark
1372,81722.aif,0.0,60.501332999999995,2.0,dog_bark
1373,81791.aif,44.484434,50.611033,2.0,dog_bark
1374,81791.aif,55.805323,57.13719200000001,2.0,dog_bark
1375,81799.aif,29.935495,37.676071,2.0,dog_bark
1376,81799.aif,40.598534,50.55070300000001,2.0,dog_bark
1377,81799.aif,58.686206999999996,61.371713,2.0,dog_bark
1378,82024.wav,22.651009,42.872454,2.0,dog_bark
1379,82811.wav,1.2183959999999998,14.974480999999999,1.0,dog_bark
1380,82811.wav,20.319702,21.262977,1.0,dog_bark
1381,82811.wav,25.940045,30.106174,1.0,dog_bark
1382,82811.wav,39.617523999999996,42.093619,1.0,dog_bark
1383,82811.wav,44.333896,49.914936,1.0,dog_bark
1384,84317.wav,0.0,2.5,1.0,dog_bark
1385,85362.wav,0.380052,2.660361,1.0,dog_bark
1386,85362.wav,4.2755800000000015,9.012651,1.0,dog_bark
1387,85362.wav,10.057792999999998,11.035067999999999,1.0,dog_bark
1388,85362.wav,12.148076,17.197332,1.0,dog_bark
1389,85544.aif,0.512155,2.247791,1.0,dog_bark
1390,85544.aif,4.324864,6.0320480000000005,1.0,dog_bark
1391,85544.aif,7.596966,9.617133,1.0,dog_bark
1392,85544.aif,10.641442999999999,11.238957000000001,1.0,dog_bark
1393,85544.aif,12.29172,14.653324,1.0,dog_bark
1394,85544.aif,16.502772,17.868519,1.0,dog_bark
1395,85544.aif,20.230123000000006,25.806921,1.0,dog_bark
1396,85544.aif,29.3351,31.241455,1.0,dog_bark
1397,85544.aif,33.119357,35.85085,1.0,dog_bark
1398,85574.aif,0.0,34.0,2.0,dog_bark
1399,85661.mp3,0.0,1.1493879999999999,1.0,dog_bark
1400,85662.mp3,0.0,1.227755,1.0,dog_bark
1401,85663.mp3,0.0,2.0897959999999998,1.0,dog_bark
1402,85664.mp3,0.0,0.653061,1.0,dog_bark
1403,85665.mp3,0.0,1.358367,1.0,dog_bark
1404,86279.wav,0.601813,4.083229,1.0,dog_bark
1405,86284.mp3,17.911702,22.95272000000001,2.0,dog_bark
1406,86284.mp3,25.548308,27.350203999999998,2.0,dog_bark
1407,89207.wav,0.028387,0.389303,1.0,dog_bark
1408,89209.wav,0.0,2.0634919999999997,1.0,dog_bark
1409,89210.wav,0.056222,2.144197,1.0,dog_bark
1410,89211.wav,0.0,1.892105,1.0,dog_bark
1411,89212.wav,0.0,1.324626,1.0,dog_bark
1412,89213.wav,0.0,1.612336,1.0,dog_bark
1413,9031.wav,0.041586,4.87594,1.0,dog_bark
1414,9031.wav,5.55171,5.967569,1.0,dog_bark
1415,9031.wav,6.7577,9.055317,1.0,dog_bark
1416,9031.wav,9.855845,11.581657,1.0,dog_bark
1417,9031.wav,12.423771,13.317866,1.0,dog_bark
1418,9032.wav,0.0,0.350864,1.0,dog_bark
1419,9032.wav,0.781671,1.403455,1.0,dog_bark
1420,9032.wav,1.798732,2.7269669999999997,1.0,dog_bark
1421,95404.aif,35.40120800000001,55.103432,2.0,dog_bark
1422,95532.wav,2.56279,7.732233,1.0,dog_bark
1423,95536.mp3,0.0,15.202774,2.0,dog_bark
1424,95549.wav,11.181689,60.975145999999995,2.0,dog_bark
1425,95549.wav,64.178234,67.323084,2.0,dog_bark
1426,97193.mp3,0.0,19.617959,1.0,dog_bark
1427,97392.wav,0.0,2.773946,1.0,dog_bark
1428,97756.wav,0.141727,1.290466,1.0,dog_bark
1429,99185.wav,0.341411,0.9509110000000001,1.0,dog_bark
1430,103199.mp3,0.0,16.097136,1.0,drilling
1431,103199.mp3,16.097136,17.617205,2.0,drilling
1432,103199.mp3,17.617205,44.159940999999996,1.0,drilling
1433,103199.mp3,44.159940999999996,46.186699,2.0,drilling
1434,103199.mp3,46.186699,48.720146,1.0,drilling
1435,103199.mp3,48.720146,50.591,2.0,drilling
1436,103199.mp3,50.591,51.916188,1.0,drilling
1437,103199.mp3,51.916188,63.453118999999994,2.0,drilling
1438,103357.wav,0.30522699999999997,6.966606,1.0,drilling
1439,104625.wav,6.251409,144.93063,1.0,drilling
1440,104625.wav,146.589168,192.135149,1.0,drilling
1441,104625.wav,194.176426,219.81996099999998,1.0,drilling
1442,104817.wav,0.0,26.024507999999997,1.0,drilling
1443,107842.wav,1.1573280000000001,10.750972,1.0,drilling
1444,107842.wav,11.634196000000001,13.385417000000002,1.0,drilling
1445,107842.wav,13.811801,25.902838,1.0,drilling
1446,107842.wav,26.085573999999998,27.897709999999996,1.0,drilling
1447,118278.wav,0.0,30.000021000000004,2.0,drilling
1448,118440.mp3,0.187868,0.810181,1.0,drilling
1449,118440.mp3,0.9099860000000001,1.7260389999999999,1.0,drilling
1450,118440.mp3,2.07242,2.853247,1.0,drilling
1451,118440.mp3,3.0998240000000004,4.0391650000000014,1.0,drilling
1452,118440.mp3,4.591028,5.565594,1.0,drilling
1453,118440.mp3,5.8063,6.622352,1.0,drilling
1454,118440.mp3,7.115506,7.9491710000000015,1.0,drilling
1455,118440.mp3,8.195748,8.61258,1.0,drilling
1456,118440.mp3,8.794578,9.270119000000001,1.0,drilling
1457,118723.aif,0.0,2.653802,1.0,drilling
1458,127443.wav,115.01500800000001,144.858073,1.0,drilling
1459,127538.wav,0.258434,6.042006,1.0,drilling
1460,127538.wav,6.434112,10.453205,1.0,drilling
1461,127538.wav,10.711639,15.898141,1.0,drilling
1462,128607.wav,0.18113900000000002,12.763344,1.0,drilling
1463,128607.wav,13.473967000000002,24.425919,1.0,drilling
1464,130961.wav,13.639707999999999,16.690696,2.0,drilling
1465,130961.wav,131.01298899999998,144.293758,1.0,drilling
1466,130961.wav,205.31350700000002,213.74858999999998,1.0,drilling
1467,130961.wav,253.231956,262.025979,1.0,drilling
1468,130961.wav,263.820677,271.537881,1.0,drilling
1469,130961.wav,301.688815,316.225873,1.0,drilling
1470,135849.wav,0.016276,0.9358540000000001,1.0,drilling
1471,137815.wav,0.206472,25.986032,1.0,drilling
1472,139000.wav,0.0,8.298073,1.0,drilling
1473,140824.wav,0.0,1.1501139999999999,1.0,drilling
1474,14110.wav,0.0,8.615783,1.0,drilling
1475,14111.wav,0.08911000000000001,19.458322,1.0,drilling
1476,14113.wav,0.0,7.5464850000000006,1.0,drilling
1477,14114.wav,0.0,10.13551,1.0,drilling
1478,14115.wav,0.0,2.133471,1.0,drilling
1479,144351.wav,0.802028,9.750966,1.0,drilling
1480,144351.wav,10.595206,17.306910000000002,1.0,drilling
1481,144351.wav,18.995389000000007,37.864142,1.0,drilling
1482,144351.wav,38.919441,73.913168,1.0,drilling
1483,146244.wav,0.0,2.046729,1.0,drilling
1484,146249.wav,0.0,1.0997709999999998,1.0,drilling
1485,147019.wav,0.688099,4.5951,1.0,drilling
1486,147764.wav,0.441828,2.143685,1.0,drilling
1487,147764.wav,2.143685,5.220118,1.0,drilling
1488,147764.wav,5.449214,6.103774,1.0,drilling
1489,147764.wav,6.4310540000000005,7.543807000000001,1.0,drilling
1490,147764.wav,7.641991,15.709446,1.0,drilling
1491,147764.wav,16.29855,17.329482000000002,1.0,drilling
1492,147764.wav,17.460394,23.171433,1.0,drilling
1493,147764.wav,23.400529000000002,24.595101,1.0,drilling
1494,147764.wav,24.676921,25.364209,1.0,drilling
1495,151005.flac,0.524393,11.103451,1.0,drilling
1496,151005.flac,11.445447,20.861720000000002,1.0,drilling
1497,151005.flac,21.705309,29.594003000000004,1.0,drilling
1498,151005.flac,30.072796999999998,38.759479999999996,1.0,drilling
1499,156362.wav,111.410002,122.57093200000001,2.0,drilling
1500,156362.wav,124.563955,126.556979,2.0,drilling
1501,156362.wav,132.536049,138.714421,2.0,drilling
1502,156362.wav,309.117912,330.243958,2.0,drilling
1503,161129.wav,8.275687,53.49751,1.0,drilling
1504,165640.wav,0.0,8.740771,1.0,drilling
1505,165641.wav,0.0,7.515917999999999,1.0,drilling
1506,165642.wav,0.0,4.635601,1.0,drilling
1507,165643.wav,0.0,5.468254,1.0,drilling
1508,165644.wav,0.0,6.672041,1.0,drilling
1509,165645.wav,0.0,0.6938880000000001,1.0,drilling
1510,165645.wav,0.8888,1.7659049999999998,1.0,drilling
1511,165645.wav,1.882852,2.822329,1.0,drilling
1512,165645.wav,2.888599,3.765705,1.0,drilling
1513,165645.wav,4.295866,5.169073,1.0,drilling
1514,165645.wav,5.402966999999999,6.416511,1.0,drilling
1515,165785.wav,0.0,1.234467,1.0,drilling
1516,165785.wav,1.333836,2.415427,1.0,drilling
1517,165785.wav,2.556837,3.64225,1.0,drilling
1518,165785.wav,3.691934,4.731485,1.0,drilling
1519,165785.wav,5.132783,6.4169339999999995,1.0,drilling
1520,165786.wav,0.0,4.151202,1.0,drilling
1521,166931.wav,0.0,8.804236999999997,1.0,drilling
1522,166931.wav,14.031753,30.264565,1.0,drilling
1523,166931.wav,37.418008,71.259295,1.0,drilling
1524,166931.wav,85.428614,96.021212,1.0,drilling
1525,166931.wav,223.545085,234.82551400000003,1.0,drilling
1526,167701.wav,4.104292,5.435414,1.0,drilling
1527,167701.wav,5.657268,6.766536,1.0,drilling
1528,167701.wav,7.247219,8.393463,1.0,drilling
1529,167701.wav,8.541364999999999,9.798536,1.0,drilling
1530,167701.wav,10.390146000000001,15.418828,1.0,drilling
1531,167701.wav,16.195316000000002,17.526438,1.0,drilling
1532,167701.wav,18.635706,31.503218,1.0,drilling
1533,167701.wav,34.831022,36.864681,1.0,drilling
1534,167701.wav,37.160486,41.708484999999996,1.0,drilling
1535,167701.wav,42.263119,48.696875,1.0,drilling
1536,167701.wav,55.500386999999996,57.127314,1.0,drilling
1537,167701.wav,57.82985,60.196289,1.0,drilling
1538,167701.wav,61.194630000000004,63.67199599999999,1.0,drilling
1539,167702.wav,1.195058,6.8082080000000005,1.0,drilling
1540,167702.wav,13.761272,16.730809,1.0,drilling
1541,167702.wav,17.67237,20.678121,1.0,drilling
1542,167702.wav,21.257543,26.870693,1.0,drilling
1543,167702.wav,28.065751000000002,30.492081,1.0,drilling
1544,167702.wav,30.492081,32.628699,1.0,drilling
1545,167702.wav,32.628699,35.670665,1.0,drilling
1546,167702.wav,47.54881500000001,53.705172999999995,1.0,drilling
1547,167702.wav,53.922456000000004,59.644248,1.0,drilling
1548,167702.wav,60.11502900000001,63.048352,1.0,drilling
1549,167750.wav,6.617749000000001,9.117787,1.0,drilling
1550,167750.wav,14.330286,18.398976,1.0,drilling
1551,167750.wav,24.689922,26.258574,1.0,drilling
1552,167750.wav,26.879497999999998,28.170368,1.0,drilling
1553,168037.wav,1.302542,3.3629269999999996,1.0,drilling
1554,168037.wav,38.673666,40.236715999999994,1.0,drilling
1555,168037.wav,109.83984099999999,111.82917900000001,1.0,drilling
1556,168037.wav,123.054725,124.94933200000001,1.0,drilling
1557,168037.wav,173.664415,175.914261,1.0,drilling
1558,168037.wav,189.223875,191.047434,1.0,drilling
1559,168037.wav,219.656,221.92952799999998,1.0,drilling
1560,168037.wav,223.44521400000002,225.718742,1.0,drilling
1561,168037.wav,269.010512,270.54988,1.0,drilling
1562,168037.wav,291.9115740000001,293.900912,1.0,drilling
1563,168037.wav,324.143576,325.967135,1.0,drilling
1564,168037.wav,341.645008,343.089646,1.0,drilling
1565,168037.wav,346.926225,348.678737,1.0,drilling
1566,168037.wav,370.158844,373.78227999999996,1.0,drilling
1567,169466.wav,0.0,39.113516,2.0,drilling
1568,169466.wav,62.959037,93.151927,2.0,drilling
1569,169466.wav,157.140268,203.287355,2.0,drilling
1570,169466.wav,203.287355,235.36730099999997,2.0,drilling
1571,17913.wav,0.0,8.462876,1.0,drilling
1572,17913.wav,8.462876,9.512387,2.0,drilling
1573,17913.wav,9.512387,11.458753,1.0,drilling
1574,179212.wav,0.0,5.813313,1.0,drilling
1575,179725.flac,0.8159350000000001,2.420932,1.0,drilling
1576,180029.wav,0.23838299999999998,2.11139,1.0,drilling
1577,180029.wav,2.11139,5.17631,1.0,drilling
1578,180029.wav,5.414693,8.649887,1.0,drilling
1579,180029.wav,8.820160000000003,12.872666,1.0,drilling
1580,180029.wav,13.758087,16.925172,1.0,drilling
1581,180029.wav,17.742484,20.228475,1.0,drilling
1582,180029.wav,20.77335,22.714466,1.0,drilling
1583,180029.wav,23.32745,24.34909,1.0,drilling
1584,180029.wav,24.85991,26.085878,1.0,drilling
1585,180029.wav,26.494534,28.708088,1.0,drilling
1586,180029.wav,28.980525,30.342712,1.0,drilling
1587,180029.wav,30.61515,31.398407000000002,1.0,drilling
1588,180029.wav,31.875171999999996,32.794649,1.0,drilling
1589,180029.wav,33.441687,34.054671,1.0,drilling
1590,180029.wav,34.70171,35.72335,1.0,drilling
1591,180029.wav,36.166061,37.119592,1.0,drilling
1592,180029.wav,37.766631,41.819137,1.0,drilling
1593,180029.wav,42.704558,43.862417,1.0,drilling
1594,180029.wav,45.394877,48.051140999999994,1.0,drilling
1595,180029.wav,49.243055,54.828021,1.0,drilling
1596,180029.wav,57.34806700000001,59.595675,1.0,drilling
1597,180125.flac,0.0,39.514239,1.0,drilling
1598,180125.flac,40.848486,70.612459,1.0,drilling
1599,180125.flac,72.97305,111.76884799999999,1.0,drilling
1602,180126.flac,19.285883,27.547392,1.0,drilling
1603,180126.flac,30.012301,32.070906,1.0,drilling
1604,180126.flac,32.233428,38.002941,1.0,drilling
1605,180126.flac,38.138375,47.4021,1.0,drilling
1607,180128.flac,0.0,6.954712,1.0,drilling
1609,180128.flac,13.989363,19.904865,1.0,drilling
1610,180128.flac,20.944075,24.861097,1.0,drilling
1612,180128.flac,33.73435,41.088758,1.0,drilling
1613,180128.flac,42.767482,51.800613,1.0,drilling
1615,180128.flac,69.227363,74.503351,1.0,drilling
1616,180128.flac,75.70244,80.258975,1.0,drilling
1617,180128.flac,80.898489,86.89393000000004,1.0,drilling
1618,180128.flac,88.332836,95.367487,1.0,drilling
1619,180128.flac,96.64651500000001,102.082382,1.0,drilling
1620,180128.flac,102.961713,107.27843100000001,1.0,drilling
1621,180128.flac,107.83800500000001,112.634358,1.0,drilling
1623,180128.flac,120.548341,127.662931,1.0,drilling
1624,180128.flac,128.542263,135.09727900000001,1.0,drilling
1627,180132.flac,6.65078,10.248058,1.0,drilling
1629,180132.flac,28.192615999999997,33.483959999999996,1.0,drilling
1630,180134.flac,0.0,9.847937,1.0,drilling
1631,180134.flac,10.481716,39.781766999999995,1.0,drilling
1633,180937.wav,0.0,46.689417,2.0,drilling
1634,180937.wav,303.48121299999997,442.891867,2.0,drilling
1635,180937.wav,489.581285,510.953201,2.0,drilling
1636,180937.wav,534.29791,579.343333,1.0,drilling
1637,181624.wav,0.161546,2.469352,1.0,drilling
1638,181624.wav,3.392474,7.915774000000001,1.0,drilling
1639,181624.wav,8.538881,11.192858,1.0,drilling
1640,181624.wav,11.862122,12.508307,1.0,drilling
1641,181624.wav,13.108336999999999,14.308395999999998,1.0,drilling
1642,181624.wav,20.67794,21.116423,1.0,drilling
1643,181624.wav,21.554906,22.108779000000002,1.0,drilling
1644,181624.wav,27.255186,27.716746999999998,1.0,drilling
1645,181624.wav,29.009118,30.739973,1.0,drilling
1646,181624.wav,35.81714500000001,37.77878,1.0,drilling
1647,181624.wav,38.171107,40.455835,1.0,drilling
1648,185800.mp3,0.0,7.019837,1.0,drilling
1649,185800.mp3,7.019837,8.327131,2.0,drilling
1650,185800.mp3,9.14007,17.379316,2.0,drilling
1651,185801.mp3,0.08895299999999999,8.361556,2.0,drilling
1652,187377.flac,0.0,7.878630999999999,1.0,drilling
1653,187863.wav,0.0,14.186282,1.0,drilling
1654,19007.wav,0.0,4.012653,2.0,drilling
1656,195063.flac,7.7495119999999975,11.866697,1.0,drilling
1657,199929.wav,0.0,2.349659,1.0,drilling
1658,199929.wav,3.013303,5.7934339999999995,1.0,drilling
1659,199929.wav,6.5228449999999984,10.050322,1.0,drilling
1660,205610.wav,0.172531,14.819523,1.0,drilling
1661,205874.wav,0.544125,2.6566080000000003,1.0,drilling
1662,205874.wav,2.976682,4.721081,1.0,drilling
1663,205874.wav,5.057158,6.833564999999999,1.0,drilling
1664,205874.wav,7.137635,7.969825,1.0,drilling
1665,205874.wav,8.33791,9.058074000000001,1.0,drilling
1666,205874.wav,9.234115,9.95428,1.0,drilling
1667,205874.wav,10.450393,12.402841,1.0,drilling
1668,205874.wav,13.058991,16.403757000000002,1.0,drilling
1669,205874.wav,17.443995,18.804307,1.0,drilling
1670,205874.wav,20.612721,21.636955,1.0,drilling
1671,205874.wav,22.453142,23.893472,1.0,drilling
1672,205874.wav,24.837688,25.461831,1.0,drilling
1673,205878.wav,0.376207,3.3858639999999998,1.0,drilling
1674,22962.aiff,0.0,9.092857,1.0,drilling
1675,24364.flac,0.633371,29.803632,1.0,drilling
1676,26344.flac,0.0,2.908546,1.0,drilling
1678,29721.wav,0.0,32.658322,1.0,drilling
1679,29722.wav,0.0,16.329161,1.0,drilling
1680,34621.wav,1.576268,2.444824,1.0,drilling
1681,34621.wav,2.68609,3.8280800000000004,1.0,drilling
1682,34621.wav,3.8280800000000004,5.372179,1.0,drilling
1683,34621.wav,5.7903730000000015,7.817003,1.0,drilling
1684,34621.wav,7.993931,9.859717999999999,1.0,drilling
1685,34621.wav,10.519177,11.017793,1.0,drilling
1686,34621.wav,11.130383,11.677252000000001,1.0,drilling
1687,34621.wav,11.677252000000001,12.191951,1.0,drilling
1688,34621.wav,12.288458,12.770989,1.0,drilling
1689,34621.wav,12.851411,13.382195000000001,1.0,drilling
1690,34621.wav,13.51087,14.041654000000001,1.0,drilling
1691,34621.wav,14.105991,14.636775,1.0,drilling
1692,34621.wav,14.701113000000001,15.264066,1.0,drilling
1693,34621.wav,15.617922,16.373887,1.0,drilling
1694,34621.wav,16.373887,16.952925,1.0,drilling
1695,34621.wav,17.065514999999998,17.70889,1.0,drilling
1696,34621.wav,17.837564999999994,18.529193,1.0,drilling
1697,34621.wav,18.754374,19.590760999999997,1.0,drilling
1698,34621.wav,19.73552,20.346726,1.0,drilling
1699,34621.wav,20.427148000000006,21.086607,1.0,drilling
1700,34621.wav,21.215282000000002,21.826488,1.0,drilling
1701,34621.wav,21.955163,22.469863,1.0,drilling
1702,34621.wav,22.534201,23.064985,1.0,drilling
1703,34621.wav,23.241913,23.804866,1.0,drilling
1704,34621.wav,23.917456,24.96294,1.0,drilling
1705,34621.wav,25.059445999999998,25.751074,1.0,drilling
1706,34621.wav,25.863665,26.34619600000001,1.0,drilling
1707,34621.wav,26.34619600000001,26.925233000000002,1.0,drilling
1708,34643.wav,0.0,2.255346,1.0,drilling
1709,34643.wav,11.962178999999999,19.723224,1.0,drilling
1710,34643.wav,28.965721000000002,38.96,1.0,drilling
1711,37560.aiff,0.0,15.399184,1.0,drilling
1712,39532.wav,0.01157,1.093407,1.0,drilling
1713,39532.wav,1.741352,3.3265019999999996,1.0,drilling
1714,39532.wav,3.439314,4.020729,1.0,drilling
1715,39532.wav,4.020729,4.989753,1.0,drilling
1716,39533.wav,0.0,0.8773110000000001,1.0,drilling
1717,39533.wav,1.133258,2.716735,1.0,drilling
1718,42324.wav,0.0,2.036538,1.0,drilling
1719,42324.wav,2.509673,4.145074,1.0,drilling
1720,42324.wav,5.811333,18.123129000000002,1.0,drilling
1721,42937.wav,0.0,8.214876,1.0,drilling
1722,46668.wav,0.30695300000000003,9.358945,1.0,drilling
1723,46669.wav,0.0,131.86036399999998,1.0,drilling
1724,50413.wav,0.036026999999999997,10.381728,1.0,drilling
1725,50414.wav,0.074114,6.937933999999999,1.0,drilling
1726,50415.wav,0.0,6.098807,1.0,drilling
1727,50416.wav,0.058704999999999986,9.083188999999999,1.0,drilling
1728,50629.mp3,0.0,6.140703,1.0,drilling
1729,50629.mp3,15.513354000000001,48.543872,1.0,drilling
1730,50629.mp3,64.186504,66.57814599999999,1.0,drilling
1731,50629.mp3,73.171322,79.63521999999998,1.0,drilling
1732,50629.mp3,79.63521999999998,108.334926,1.0,drilling
1733,518.wav,0.242743,10.41195,1.0,drilling
1734,54976.aiff,5.693949,28.937741,1.0,drilling
1735,54976.aiff,77.297309,87.437218,1.0,drilling
1736,55020.wav,0.351364,32.584376,1.0,drilling
1737,57584.wav,0.0,21.097959,2.0,drilling
1738,57696.wav,0.0,15.628480999999999,1.0,drilling
1739,58005.wav,5.0652610000000005,180.06526100000005,1.0,drilling
1740,58937.wav,1.2003409999999999,32.409194,1.0,drilling
1741,58937.wav,32.409194,40.571509999999996,1.0,drilling
1742,58937.wav,48.013621,72.660613,1.0,drilling
1743,58937.wav,72.660613,105.950057,1.0,drilling
1744,58937.wav,106.51021599999999,121.074347,1.0,drilling
1745,58937.wav,122.754824,138.279228,1.0,drilling
1746,59594.mp3,0.0,12.133878,2.0,drilling
1747,59595.mp3,45.745538,52.035918,2.0,drilling
1748,63095.wav,9.99398,72.89726800000003,1.0,drilling
1749,63095.wav,79.853862,160.687527,1.0,drilling
1750,66622.wav,0.0,20.536168,1.0,drilling
1751,66623.aiff,0.0,17.791655,1.0,drilling
1752,69598.wav,5.601254,8.036582000000001,1.0,drilling
1753,69598.wav,11.543453999999999,15.488685,2.0,drilling
1754,69598.wav,19.920982000000002,26.009301,2.0,drilling
1755,69598.wav,29.077814,34.776481,2.0,drilling
1756,69598.wav,34.776481,36.383798,2.0,drilling
1757,69598.wav,37.114396,39.647137,1.0,drilling
1758,69598.wav,50.557406,57.376323,1.0,drilling
1759,69598.wav,60.201304,65.315492,1.0,drilling
1760,69598.wav,73.936553,76.07964100000002,1.0,drilling
1761,69598.wav,80.317112,83.921397,1.0,drilling
1762,71079.wav,0.331563,1.544694,1.0,drilling
1763,71079.wav,2.7305189999999997,3.2610200000000003,1.0,drilling
1764,71080.wav,1.196632,2.628625,1.0,drilling
1765,71080.wav,3.1489,4.142377,1.0,drilling
1766,71082.wav,0.529763,1.8475810000000001,1.0,drilling
1767,71082.wav,2.551296,4.3514349999999995,1.0,drilling
1768,71086.wav,0.280432,3.78082,1.0,drilling
1769,71086.wav,4.406784,6.079358,1.0,drilling
1770,71086.wav,6.409867,8.598236,1.0,drilling
1771,71087.wav,0.27331500000000003,4.231567,1.0,drilling
1772,71087.wav,4.427711,5.23158,1.0,drilling
1773,71088.wav,0.42697299999999994,5.2343730000000015,1.0,drilling
1774,71088.wav,5.366155,7.970164,1.0,drilling
1775,71088.wav,8.344424,9.1562,1.0,drilling
1776,71171.wav,0.813427,12.952263,1.0,drilling
1777,71171.wav,40.233359,55.37561899999999,1.0,drilling
1778,71171.wav,64.823888,71.706733,1.0,drilling
1779,71171.wav,75.210727,83.47014200000002,1.0,drilling
1780,71171.wav,86.78642099999998,89.038989,1.0,drilling
1781,71171.wav,91.541842,93.856981,1.0,drilling
1782,71529.wav,0.43567100000000003,9.314338000000001,1.0,drilling
1783,71529.wav,9.554708,26.470747999999997,1.0,drilling
1784,74922.wav,0.0,18.005333,1.0,drilling
1785,74965.wav,3.0049189999999997,14.233825,1.0,drilling
1786,74965.wav,17.950435,27.423837,1.0,drilling
1787,76085.mp3,0.0,220.630204,1.0,drilling
1788,76086.mp3,0.0,133.276735,1.0,drilling
1789,77751.wav,0.39966999999999997,6.721719,1.0,drilling
1790,77751.wav,7.339391,15.260119,1.0,drilling
1791,77751.wav,15.914124,19.729154,1.0,drilling
1792,77751.wav,22.563176000000002,26.596208,1.0,drilling
1793,77751.wav,28.013219,33.572262,1.0,drilling
1794,77751.wav,34.407934999999995,38.295632,1.0,drilling
1795,77751.wav,40.475649,44.109010999999995,1.0,drilling
1796,77751.wav,46.034693,47.233702,1.0,drilling
1797,77751.wav,48.687047,52.029740000000004,1.0,drilling
1798,77751.wav,52.82907900000001,63.329494999999994,1.0,drilling
1799,77774.mp3,0.0,10.734565,1.0,drilling
1800,77774.mp3,10.734565,18.048,1.0,drilling
1801,78360.mp3,0.0,50.4,1.0,drilling
1802,81117.aiff,0.70594,15.967253,1.0,drilling
1803,84699.wav,3.197124,4.4457059999999995,1.0,drilling
1804,84699.wav,14.264094,15.720772,1.0,drilling
1805,84699.wav,16.345062,18.634128,1.0,drilling
1806,84699.wav,19.485433,21.547484,1.0,drilling
1807,84699.wav,23.193341,24.498676,1.0,drilling
1808,84699.wav,27.828226,29.360575,1.0,drilling
1809,84699.wav,29.682178999999998,31.384790000000002,1.0,drilling
1810,89099.wav,0.421872,10.186178,1.0,drilling
1811,95562.wav,0.0,1.5279459999999998,1.0,drilling
1812,95562.wav,1.652092,4.402394999999999,1.0,drilling
1813,95562.wav,4.679335,8.718843,1.0,drilling
1814,95562.wav,8.795241,16.711911999999998,1.0,drilling
1815,96158.aif,0.0,1.092817,1.0,drilling
1816,96159.aif,0.751209,4.033599,1.0,drilling
1817,96159.aif,4.5344050000000005,5.107616,1.0,drilling
1818,99192.wav,0.0,115.06716599999999,1.0,drilling
1819,102857.wav,0.0,64.47603199999999,1.0,engine_idling
1820,102858.wav,0.0,6.282353,1.0,engine_idling
1821,103249.wav,0.0,42.493458000000004,1.0,engine_idling
1822,103258.wav,0.0,42.493458000000004,1.0,engine_idling
1823,103438.wav,0.0,8.943686999999997,2.0,engine_idling
1824,106014.wav,4.4009540000000005,16.773446,1.0,engine_idling
1825,106015.wav,3.484984,48.711462,1.0,engine_idling
1826,106486.aiff,0.0,8.261451,1.0,engine_idling
1827,106487.aiff,0.0,9.793379,1.0,engine_idling
1828,106905.aif,55.008446,63.386906999999994,2.0,engine_idling
1829,107228.wav,3.134753,22.612274,1.0,engine_idling
1830,111386.aif,2.784895,22.642407000000002,1.0,engine_idling
1831,111386.aif,28.89025800000001,61.60671899999999,1.0,engine_idling
1832,112075.mp3,8.037355,16.601339000000007,2.0,engine_idling
1833,113201.aif,0.0,19.25,1.0,engine_idling
1834,113202.aif,0.0,60.0,1.0,engine_idling
1835,113203.aif,43.494706,64.449412,1.0,engine_idling
1836,113203.aif,79.23588199999998,88.661176,1.0,engine_idling
1837,113203.aif,94.771765,97.308235,1.0,engine_idling
1838,113203.aif,100.50764699999999,108.31882399999999,1.0,engine_idling
1839,113203.aif,115.89941200000001,120.626471,1.0,engine_idling
1840,113203.aif,125.094118,128.351176,1.0,engine_idling
1841,113203.aif,132.93411799999998,137.891765,1.0,engine_idling
1842,113203.aif,141.581176,142.618824,1.0,engine_idling
1843,113203.aif,145.87588200000005,146.82705900000005,1.0,engine_idling
1844,113205.aif,2.12,5.36,1.0,engine_idling
1845,113205.aif,27.04,51.0,1.0,engine_idling
1846,113216.aif,2.693333,15.618692999999999,1.0,engine_idling
1847,118558.mp3,19.743613,28.606621999999998,1.0,engine_idling
1848,118558.mp3,31.128617,39.703398,1.0,engine_idling
1849,118558.mp3,47.41349500000001,58.942612,1.0,engine_idling
1850,119449.wav,1.381958,18.568493,1.0,engine_idling
1851,119455.wav,0.446601,19.624157999999998,1.0,engine_idling
1852,123685.wav,3.845506,25.778503,1.0,engine_idling
1853,12812.wav,0.0,8.323084,1.0,engine_idling
1854,128160.wav,0.0,34.381333000000005,1.0,engine_idling
1855,141240.flac,0.0,3.0538689999999997,1.0,engine_idling
1856,141240.flac,27.06407,29.914347999999997,1.0,engine_idling
1857,143604.mp3,3.311464,5.678107,1.0,engine_idling
1859,144007.flac,2.488552,48.854208,1.0,engine_idling
1860,144007.flac,68.762626,96.398653,1.0,engine_idling
1861,144068.wav,22.794739,64.036087,1.0,engine_idling
1862,144068.wav,72.86410699999998,78.266329,1.0,engine_idling
1863,144068.wav,89.564877,92.331868,1.0,engine_idling
1864,144068.wav,95.757667,99.644631,1.0,engine_idling
1865,144068.wav,116.444222,138.053108,1.0,engine_idling
1866,144068.wav,152.645693,161.407833,1.0,engine_idling
1867,146186.wav,0.0,30.140426,1.0,engine_idling
1868,149193.flac,0.0,14.12173,1.0,engine_idling
1869,151877.wav,1.597715,3.007464,1.0,engine_idling
1870,151877.wav,19.423205,23.730771,1.0,engine_idling
1871,152908.wav,0.0,30.597052,1.0,engine_idling
1872,154758.wav,0.0,47.168211,1.0,engine_idling
1873,15544.wav,29.266659999999998,72.176,1.0,engine_idling
1874,156358.wav,5.5472160000000015,23.088,1.0,engine_idling
1875,156634.wav,0.0,28.222099,1.0,engine_idling
1876,156634.wav,32.465057,37.125882,1.0,engine_idling
1877,156634.wav,42.99745,64.18009599999999,1.0,engine_idling
1878,166101.wav,0.0,10.992138,1.0,engine_idling
1879,166101.wav,13.703532000000001,15.792038,1.0,engine_idling
1880,166101.wav,19.712567,33.452739,1.0,engine_idling
1881,166101.wav,39.498414000000004,42.722775,1.0,engine_idling
1882,16692.wav,1.209128,25.758741,1.0,engine_idling
1883,168846.mp3,0.0,8.348148,1.0,engine_idling
1884,168846.mp3,67.019979,100.88215600000001,2.0,engine_idling
1885,17578.wav,0.0,75.46775500000003,1.0,engine_idling
1886,17592.flac,2.0051740000000002,7.493914,1.0,engine_idling
1888,176638.wav,0.0,9.557333,1.0,engine_idling
1889,176787.wav,0.0,65.63399799999999,1.0,engine_idling
1891,17853.wav,15.323533,49.999322,1.0,engine_idling
1892,18592.mp3,6.504182,19.991971,1.0,engine_idling
1893,186935.wav,0.0,6.0674150000000004,1.0,engine_idling
1894,186936.wav,0.0,7.58625,1.0,engine_idling
1895,186938.wav,2.72963,4.539396,1.0,engine_idling
1896,186940.wav,0.0,3.8365989999999996,1.0,engine_idling
1897,187075.wav,3.4467790000000003,24.034294,2.0,engine_idling
1898,19338.wav,2.578426,8.292775,1.0,engine_idling
1899,19338.wav,15.400867000000002,20.069907999999998,1.0,engine_idling
1900,19338.wav,27.421906,33.136255,1.0,engine_idling
1901,19338.wav,43.659019,44.425578,1.0,engine_idling
1902,194962.mp3,4.1517620000000015,12.48,1.0,engine_idling
1903,195451.wav,2.249062,49.381586999999996,1.0,engine_idling
1904,200786.wav,15.109316,19.784022,1.0,engine_idling
1905,200786.wav,110.690351,126.467483,1.0,engine_idling
1906,201652.wav,0.0,10.94703,1.0,engine_idling
1907,201652.wav,38.967822,44.193564,1.0,engine_idling
1908,201652.wav,71.448515,86.810396,1.0,engine_idling
1909,201652.wav,124.201485,137.355941,1.0,engine_idling
1910,201652.wav,182.94603999999998,206.01138600000002,1.0,engine_idling
1911,201652.wav,258.809406,273.0,1.0,engine_idling
1912,201988.wav,1.671607,50.870034999999994,1.0,engine_idling
1913,201988.wav,53.567401000000004,56.30275699999999,1.0,engine_idling
1914,203962.flac,0.0,7.561066,1.0,engine_idling
1915,209864.wav,1.580937,12.460500999999999,1.0,engine_idling
1916,209992.wav,5.143535,42.137425,1.0,engine_idling
1917,209992.wav,42.137425,71.61384,2.0,engine_idling
1918,209992.wav,108.409901,390.710866,1.0,engine_idling
1919,209992.wav,409.108897,461.335564,1.0,engine_idling
1920,209992.wav,543.038647,599.419708,2.0,engine_idling
1921,21187.wav,0.0,1.22034,1.0,engine_idling
1922,22882.flac,0.0,7.660363999999999,1.0,engine_idling
1923,22885.flac,2.17286,6.4278330000000015,1.0,engine_idling
1924,23218.wav,1.35891,2.882536,1.0,engine_idling
1925,23219.wav,2.127165,33.031265999999995,1.0,engine_idling
1926,23219.wav,40.295737,49.20575,1.0,engine_idling
1927,26184.wav,0.825952,2.6994540000000002,1.0,engine_idling
1928,26184.wav,5.862247,6.889651,1.0,engine_idling
1929,26184.wav,8.581846,9.709976,1.0,engine_idling
1930,26184.wav,11.220864,13.819592000000002,1.0,engine_idling
1931,26184.wav,15.471497,25.685102,1.0,engine_idling
1932,39847.wav,0.0,29.281115000000003,1.0,engine_idling
1933,39847.wav,44.875273,47.679977,1.0,engine_idling
1934,39852.wav,0.0,6.672249000000001,1.0,engine_idling
1935,39854.wav,1.665405,6.5673520000000005,1.0,engine_idling
1936,39854.wav,144.073254,157.993527,1.0,engine_idling
1937,39856.wav,0.0,61.07204,1.0,engine_idling
